main_category_name,sub_category_name,ranking,title,ori_price,dis_price,discount_percent
e쿠폰/티켓,ALL,1,[컬쳐랜드문화상품권](카드가능)(컬쳐랜드) 문화상품권 5만원 /온라인 전용,46250,46250,7
e쿠폰/티켓,ALL,2,[컬쳐랜드문화상품권](카드가능)(컬쳐랜드) 문화상품권 3만원 /온라인 전용,27750,27750,7
e쿠폰/티켓,ALL,3,[빕스](빕스) 15000원 할인권,1500,1500,0
e쿠폰/티켓,ALL,4,[한국투자증권](한국투자증권) 온라인 금융상품권 5만원권,50000,50000,0
e쿠폰/티켓,ALL,5,[해피머니](카드가능)(해피머니) 온라인상품권 5만원,46400,46400,7
e쿠폰/티켓,ALL,6,[배스킨라빈스]카푸치노블라스트 오리지널 (Regular),3600,3600,20
e쿠폰/티켓,ALL,7,[배스킨라빈스]하프갤론 사이즈업,22000,22000,16
e쿠폰/티켓,ALL,8,[에쓰오일](S-OIL) 모바일 주유권 5만원권,48500,48500,3
e쿠폰/티켓,ALL,9,[배스킨라빈스]샤인머스캣 말랑 블렌디드 (Large),4240,4240,20
e쿠폰/티켓,ALL,10,[구글플레이](카드가능) 기프트코드 10만원 / 구글 기프트카드,97000,97000,3
e쿠폰/티켓,ALL,11,[배스킨라빈스]바람과 함께 사라지다 블라스트(Regular),3920,3920,20
e쿠폰/티켓,ALL,12,[컬쳐랜드문화상품권]핀번호/카드/컬쳐랜드상품권/도서문화/해피머니5만원,46870,46870,0
e쿠폰/티켓,ALL,13,[해피머니](카드가능)(해피머니) 온라인상품권 5만원,48500,48500,3
e쿠폰/티켓,ALL,14,[신세계상품권](이마트/아웃백) Pays 통합 상품권 5만원,48900,48900,2
e쿠폰/티켓,ALL,15,[배스킨라빈스]펭수 마카롱,2640,2640,20
e쿠폰/티켓,ALL,16,[에쓰오일](S-OIL) 모바일주유권 5만원/ 실시간발송/ 주유상품권,48500,48500,3
e쿠폰/티켓,ALL,17,[에그머니](카드가능)(에그머니) 온라인 게임상품권 5만원,45000,45000,10
e쿠폰/티켓,ALL,18,[이디야커피](이디야커피) 1만원권,9000,9000,10
e쿠폰/티켓,ALL,19,[배스킨라빈스]펭수 아슈크림 블라스트 (Regular),3920,3920,20
e쿠폰/티켓,ALL,20,[구글플레이](카드가능) 기프트코드 3만원 / 구글 기프트카드,29100,29100,3
e쿠폰/티켓,ALL,21,[구글플레이](카드가능) 기프트코드 5만원 / 구글 기프트카드,48500,48500,3
컴퓨터/전자,ALL,1,[일렉트로룩스]에르고라피도 18V 무선청소기 ZB3113AK (중복쿠폰할인),158210,158210,0
e쿠폰/티켓,ALL,22,[구글플레이](카드가능) 기프트코드 1만원 / 구글 기프트카드,9700,9700,3
e쿠폰/티켓,ALL,23,[에쓰오일](S-OIL) 모바일 주유권 3만원권,29100,29100,3
e쿠폰/티켓,ALL,24,[해피머니](카드가능)(해피머니) 온라인상품권 3만원,29100,29100,3
e쿠폰/티켓,ALL,25,[투썸플레이스](스마일클럽) 스트로베리 초콜릿 생크림,30500,30500,10
e쿠폰/티켓,ALL,26,(아웃백/빕스)Pays 외식/카페 결합 금액권 5만원권,46000,46000,8
e쿠폰/티켓,ALL,27,[T데이터쿠폰](SK텔레콤) T데이터쿠폰 5GB,24750,24750,25
e쿠폰/티켓,ALL,28,[구글플레이](카드가능) 기프트코드 20만원 / 구글 기프트카드,194000,194000,3
e쿠폰/티켓,ALL,29,[에그머니](카드가능)(에그머니) 온라인 게임상품권 3만원,27000,27000,10
e쿠폰/티켓,ALL,30,[컬쳐랜드문화상품권](편의점통합) 모바일금액권 3만원/ 캐쉬충전불가,28500,28500,5
e쿠폰/티켓,ALL,31,[홈플러스](홈플러스) 홈플러스 상품권 모바일 교환권 10만원권,97500,97500,2
e쿠폰/티켓,ALL,32,신용카드/현대/롯데/신세계백화점상품권/10만원,94900,94900,0
e쿠폰/티켓,ALL,33,[에쓰오일](S-OIL) 모바일주유권 3만원/ 실시간발송/ 주유상품권,29100,29100,3
e쿠폰/티켓,ALL,34,[구글플레이](카드가능) 기프트코드 1만 5천원 / 구글 기프트카드,14550,14550,3
식품,ALL,1,(etv)목우촌 무항생제 훈제오리 200gX10팩 (총 2kg),28900,28900,0
여행,ALL,1,원주 오크밸리 리조트 (7/31~9/28 주중/주말특가),85900,85900,0
컴퓨터/전자,ALL,2,펭수 블루투스 마이크 스피커,59000,59000,2
컴퓨터/전자,ALL,3,[갤럭시]3in1 동시 멀티 충전케이블 5핀/8핀/C타입 1+1 2개,4900,4900,51
컴퓨터/전자,ALL,4,[로보락]로보락 로봇청소기 S5 MAX 샤오미 앱연동 LDS 2년보증,559000,559000,0
컴퓨터/전자,ALL,5,[샤오미]샤오미 미밴드5  정품 블랙 /글로벌버전/공식파트너,41900,41900,0
컴퓨터/전자,ALL,6,[LG전자]LG전자 32인치 게이밍모니터 144Hz QHD 32GK650F,449000,449000,3
컴퓨터/전자,ALL,7,신일 에어써큘레이터 스탠드형 SIF-PC30DCC 블랙,116100,116100,10
컴퓨터/전자,ALL,8,핸드폰줄 목걸이 아이폰 갤럭시 스트랩 카드 케이스,6840,6840,14
컴퓨터/전자,ALL,9,(행사) 블랙 AIRWATCH 스마트 워치 밴드 전자시계,34900,34900,30
컴퓨터/전자,ALL,10,[뽀송]2020년형 위닉스 제습기 10리터 DXAH100-JWK 습기제거,220800,220800,8
e쿠폰/티켓,ALL,35,[아웃백스테이크하우스](아웃백/빕스)Pays 외식/카페 결합 금액권 3만원권,27600,27600,8
e쿠폰/티켓,ALL,36,(스마일클럽) GS25 CAFE25 아이스아메리카노,1270,1270,25
e쿠폰/티켓,ALL,37,[구글]구글기프트코드(10만원권)(구글기프트카드 당일전송),96500,96500,0
e쿠폰/티켓,ALL,38,[빕스](빕스)Pays 외식/카페 결합 금액권 5만원권,46000,46000,8
e쿠폰/티켓,ALL,39,[컬쳐랜드문화상품권](카드가능)(컬쳐랜드) 온라인문화상품권 1만원권,10000,10000,0
e쿠폰/티켓,ALL,40,[T데이터쿠폰](SK텔레콤) T단기데이터 1GB (24시간권) / 데이터쿠폰,2250,2250,25
e쿠폰/티켓,ALL,41,[구글플레이](카드가능) 기프트코드 5천원 / 구글 기프트카드,4850,4850,3
e쿠폰/티켓,ALL,42,구글기프트카드 10만원 핀번호 실시간발송,97000,97000,0
e쿠폰/티켓,ALL,43,오윈 주유상품권 5천원+100원 캐시백/오윈 신규가입용,100,100,0
e쿠폰/티켓,ALL,44,[파리바게뜨](NEW)(파리바게뜨) 모바일 3만원권,30000,30000,0
식품,ALL,2,2봉/산동고기왕만두1.4kg+김치왕만두1.4kg/만두 간식,17900,17900,0
식품,ALL,3,옥주부 제주돼지 돈까스 10팩,31900,31900,11
식품,ALL,4,고메 함박스테이크 5팩  치즈함박스테이크 5팩 (총 10팩),19900,19900,4
식품,ALL,5,[유동]자연산골뱅이 300g x3개,23700,23700,10
식품,ALL,6,[오뚜기밥]맛있는 오뚜기밥 210g x 24개입(1박스),17500,17500,34
식품,ALL,7,삼진어묵  옛날모듬어묵 1Kg x 3개,24900,24900,30
식품,ALL,8,서울우유  서울멸균우유 1000ml x 10팩,20900,20900,0
식품,ALL,9,초당 옥수수 10개입(17cm이상)/농협,9900,9900,33
식품,ALL,10,[뼈로가는칼슘두유]검은콩 190ml 72팩/두유,24900,24900,10
식품,ALL,11,[파스퇴르]롯데광복무항생제인증바른목장우유190ml 54입  예약상품 2020.08.11 부터 발송,30460,30460,5
식품,ALL,12,[하남쭈꾸미] 신세계 스타필드 입점  하남쭈꾸미 3팩세트,18510,18510,6
식품,ALL,13,[스파클]스파클생수 2L 30병,14600,14600,26
식품,ALL,14,[포스트](해외)오레오오즈500g X 2팩+사은품/허니오즈/씨리얼,17000,17000,0
여행,ALL,2,(공식판매처)캐리비안베이 골드 종일/오후권+에버랜드 자유 이용 무료(~8/30),24900,24900,60
여행,ALL,3,(공식판매처) 에버랜드 종일권 얼리버드 특가 (방문일 지정)(~9/30),30000,30000,46
여행,ALL,4,(공식판매처) 에버랜드 종일이용권+Q패스 3종+1만원 상품권(~8/31),55000,55000,32
여행,ALL,5,(카드10%)에버랜드 캐리비안베이 멀티이용권,29900,29900,0
여행,ALL,6,[한화리조트](문자)설악워터피아 골드시즌 이용권(7/25~8/23)/스파밸리/속초워터피아/속초/강원도/워터파크,35500,35500,38
여행,ALL,7,[에버랜드 꿀잼] 에버랜드 3인/4인 이용권 + 프리미엄 꿀 패키지,98000,98000,3
여행,ALL,8,(카드10%)코엑스아쿠아리움 7월~ (코엑스 아쿠아리움/아쿠아리움/코엑스/삼성),19900,19900,17
여행,ALL,9,|강원 고성군| 아이파크콘도(현대설악)(아이파크/고성/속초/아이파크콘도/현대아이파크/일출/현대설악),60290,60290,2
여행,ALL,10,"|최대 10만원 할인||경기 호텔| 롤링힐스 호텔 (동탄,화성,오산,병점)",127380,127380,0
여행,ALL,11,(공식판매처)캐리비안베이 골드 2/3인 세트권+에버랜드 자유 이용 무료(~8/30),52000,52000,58
여행,ALL,12,(카드10%)롯데월드 종일/AFTER4(오후4시)/AFTER7,23000,23000,52
컴퓨터/전자,ALL,11,[갤럭시]1+1 완벽등급 방수팩 스마트폰/휴대폰/핸드폰/노트9,9900,9900,60
컴퓨터/전자,ALL,12,[대웅모닝컴]대웅 3D 입체회전 리모컨 스탠드 써큘레이터 선풍기,39900,39900,0
컴퓨터/전자,ALL,13,[삼성전자]삼성노트북 NT350XCR-AD5WA 리뷰사은품 최종가64만원대,749000,749000,6
컴퓨터/전자,ALL,14,샤오미 미지아 구강 세정기 4개노즐 200ml물탱크,34900,34900,0
컴퓨터/전자,ALL,15,[로지텍]로지텍 페블 M350 무소음 무선 블루투스 마우스 병행,21330,21330,2
컴퓨터/전자,ALL,16,[윈드피아]14/16/18 가정용 업소용 영업용 스탠드 벽걸이 선풍기,17870,17870,31
컴퓨터/전자,ALL,17,[통돌이]LG 통돌이 TR12BL 일반세탁기 12kg 스마트 인버터모터,374000,374000,7
컴퓨터/전자,ALL,18,(현대Hmall)위닉스 20년형 제습기 10리터 DXAE100-JWK,215000,215000,1
컴퓨터/전자,ALL,19,[대우]대우 에어 써큘레이터DEF-KC1020스탠드선풍기 공기순환,33900,33900,2
컴퓨터/전자,ALL,20,[삼성전자]SM-R175 갤럭시버즈 플러스 블루투스이어폰 AKG 튜닝 L,136900,136900,0
컴퓨터/전자,ALL,21,[비달사순]비달사순 2000W 전문가용 헤어드라이기 VSD5129K,20900,20900,0
컴퓨터/전자,ALL,22,[삼성전자]삼성외장하드 인증점 J3 1TB 블랙 A/S 3년,71410,71410,4
e쿠폰/티켓,ALL,45,[GS수퍼마켓](GS수퍼마켓)금액상품권3만원,28350,28350,5
e쿠폰/티켓,ALL,46,[컬쳐랜드문화상품권](카드가능)(컬쳐랜드)(PIN발송) 온라인상품권 5만원,48500,48500,3
e쿠폰/티켓,ALL,47,[아웃백스테이크하우스]아웃백 디지털 5만원권,46450,46450,7
e쿠폰/티켓,ALL,48,[컬쳐랜드문화상품권](편의점통합) 모바일금액권 1만원/ 캐쉬충전불가,9500,9500,5
e쿠폰/티켓,ALL,49,[T데이터쿠폰](SK텔레콤) T데이터쿠폰 2GB,14250,14250,25
e쿠폰/티켓,ALL,50,[구글플레이](카드가능) 기프트코드 15만원 / 구글 기프트카드,145500,145500,3
e쿠폰/티켓,ALL,51,[배스킨라빈스](배스킨라빈스) 달콤 퐁퐁 플라워,25000,25000,0
e쿠폰/티켓,ALL,52,[컬쳐랜드문화상품권](카드가능)(컬쳐랜드) 문화상품권1만원권(ID바로충전),9700,9700,3
e쿠폰/티켓,ALL,53,[배스킨라빈스](배스킨라빈스) 모바일 3만원권,30000,30000,0
e쿠폰/티켓,ALL,54,[쿠우쿠우](쿠우쿠우) 기프티카드 5만원권,50000,50000,0
e쿠폰/티켓,ALL,55,즉시발송 일본 구글플레이 기프트카드 10000엔,108000,108000,0
e쿠폰/티켓,ALL,56,[쿠우쿠우](쿠우쿠우) 기프티카드 3만원권,30000,30000,0
e쿠폰/티켓,ALL,57,[CU](CU) 모바일금액권 3만원/ 실시간발송,28500,28500,5
가구/침구,ALL,1,국산 630g 르미에 라지자캔들 아로마향초 캔들워머,9900,9900,0
식품,ALL,15,[삼립]삼립 정통밤만쥬 23gx50입,6900,6900,40
식품,ALL,16,[코카콜라]코크제로 1.5PET X12  1박스,28900,28900,0
식품,ALL,17,[GFresh](국산) 마녀 포기김치10kg / 배추김치,29900,29900,33
식품,ALL,18,유귀열 유귀열의 The귀한 도가니탕 600g x10팩 +1팩,56260,56260,7
식품,ALL,19,꽃보다 오징어 대용량 260g+260g 外,30900,30900,0
식품,ALL,20,[미닛메이드]미닛메이드 스파클링 청포도 (10칼로리) 350ml x 48입,25000,25000,24
식품,ALL,21,[사보텐(식품)] [사보텐] 등심돈카츠 8개+치즈돈카츠 2개+소스 2개 증정,35010,35010,10
식품,ALL,22,[아침농산]국산 농부의아침 쌀10kg  백미 2019년산 햅쌀,24500,24500,40
여행,ALL,13,|최대10만원할인|오크밸리리조트(강원 호텔/원주/영월/태백),110450,110450,1
여행,ALL,14,(공식판매처) 에버랜드 종일/오후/나이트권(~8/31),22900,22900,50
여행,ALL,15,(당일사용불가)워터락/ 전남 나주 중흥골드스파 이용권(7/25~8/17) /워터파크/스파/찜질방,41900,41900,23
여행,ALL,16,|강원 정선군| 하이원리조트(하이원/강원랜드/하이원호텔/하이원콘도/스키장/카지노/정선/카지노),88600,88600,1
여행,ALL,17,(문자발송/당일사용가능)골드시즌 이천테르메덴 입장권(20.07.25 ~ 20.08.16),25000,25000,16
여행,ALL,18,전국  꼬마버스 타요 키즈카페 이용권 (문자티켓),10000,10000,33
여행,ALL,19,|강원 원주시| 오크밸리리조트(오크밸리/강원도원주오크밸리/원주 오크밸리/한솔오크벨리/오크벨리리조트),93120,93120,3
여행,ALL,20,(7월 1일부터 사용가능)롯데월드 패밀리(성인+어린이),49000,49000,41
여행,ALL,21,[최대10만원할인]오크밸리리조트(강원도/문막/원주/스키장),89000,89000,0
여행,ALL,22,(이용1시간전구매) 전국 챔피언키즈카페 47개점(키즈카페/키즈체험/유아체험/키즈/놀이/키즈파크),13500,13500,0
여행,ALL,23,(7월 1일부터 사용)롯데월드 종일자유이용권+헤어밴드,38500,38500,0
여행,ALL,24,|강원 속초시| 현대수리조트 속초(강원도콘도/강원도 콘도/강원콘도/강원 콘도/현대수/속초콘도),49330,49330,2
컴퓨터/전자,ALL,23,[애플][국내정품] 애플 에어팟 프로 무선 충전 MWP22KH/A,282600,282600,10
컴퓨터/전자,ALL,24,[로지텍]로지텍G G102 2세대 LIGHTSYNC 마우스 벌크 병행,21130,21130,1
컴퓨터/전자,ALL,25,펭수 피규어 스틱형 보조배터리 5000mAh 기본형,29900,29900,0
컴퓨터/전자,ALL,26,[삼성전자]SM-R175 갤럭시버즈 플러스 블루투스이어폰 AKG 튜닝,124900,124900,3
컴퓨터/전자,ALL,27,[브라운]브라운전기면도기 시리즈9 9395cc +선착순,309000,309000,16
컴퓨터/전자,ALL,28,[롯데 이라이프]Le-1723mw전자레인지23L 900W/블랙 미러 가정용_,79800,79800,5
컴퓨터/전자,ALL,29,[유닉스]메탈티 무광블랙 1600W 헤어 드라이기 UN-A1610 접이식,22900,22900,4
컴퓨터/전자,ALL,30,[삼성전자]공식파트너)삼성 세라믹 전자레인지 MS23K3513AK,95000,95000,15
컴퓨터/전자,ALL,31,로지텍 G304 무선 게이밍 마우스 병행 밀봉박스새상품,44500,44500,0
컴퓨터/전자,ALL,32,[일렉트로룩스]파워프로 18V 무선청소기 ZB3423BO + 필터 사은품,253440,253440,1
컴퓨터/전자,ALL,33,[삼성전자]인증점 삼성 진공 청소기 VC33M2110LP  당일출고,82900,82900,8
컴퓨터/전자,ALL,34,샤오미 미밴드4 한글판 정품,30780,30780,0
스포츠/자동차,ALL,1,[푸마]홈쇼핑 특가 푸마 의류 상하의 단품/세트 모음,9900,9900,70
e쿠폰/티켓,ALL,58,[설빙](설빙) 디지털 3만원권,28500,28500,5
e쿠폰/티켓,ALL,59,[GS25](스마일클럽) GS25 농심 육개장큰사발,860,860,25
e쿠폰/티켓,ALL,60,[메가박스]메가박스 영화 예매 (옵션가 장난X),7000,7000,0
e쿠폰/티켓,ALL,61,[GS25](스마일클럽) 유어스(P)뉴공화춘자장(용기),1200,1200,25
e쿠폰/티켓,ALL,62,재팬머니 - 일본 아이튠즈 카드 10000엔 (앱스토어OK),107000,107000,0
e쿠폰/티켓,ALL,63,[CU](CU) 모바일금액권 1만원/ 실시간발송,9500,9500,5
e쿠폰/티켓,ALL,64,구글기프트카드 5만원 핀번호 실시간발송,48500,48500,0
e쿠폰/티켓,ALL,65,[배스킨라빈스](배스킨라빈스) 듀얼와츄원 NO.9,30000,30000,0
e쿠폰/티켓,ALL,66,[메가커피](메가커피) 2만원권,18200,18200,9
e쿠폰/티켓,ALL,67,[배스킨라빈스]배스킨라빈스 골라 먹는 와츄원,26000,26000,0
생활/주방/건강,ALL,1,[깨끗한나라]순수브라운 3겹 화장지 27m 30롤 2팩 (특가),23600,23600,66
도서/음반,ALL,1,(정품) Scholastic 스콜라스틱 에브리데이 북박스 Everyday book box 123 풀세트,315000,315000,50
가구/침구,ALL,2,[아이르]국내산 시원한 시어서커 여름 홑겹이불 행사 특가,9900,9900,70
가구/침구,ALL,3,[르헤브]시원한 여름 쇼파패드/시어서커/사계절 쇼파패드/순면,10900,10900,69
가구/침구,ALL,4,[쁘리엘르]삼각등쿠션 바디필로우 인테리어 쿠션 커버 솜포함,13900,13900,69
가구/침구,ALL,5,시원한 시어서커 패드 카페트 여름패드 침대패드,12900,12900,70
가구/침구,ALL,6,[에이블루]커블체어 와이더 20년형 자세교정의자 출시,53820,53820,10
가구/침구,ALL,7,[이블랑]시어서커 쿨 토퍼 /클라우드 워싱 토퍼,32580,32580,0
가구/침구,ALL,8,국산 순면 두툼한 누빔 매트리스커버/침대/매트/커버,12900,12900,66
가구/침구,ALL,9,[우드윅]더스윗캔들워머+양키캔들or우드윅/전구2개/디퓨저향초,31900,31900,46
식품,ALL,23,제주안심밥상 양돈농협 제주흑돼지 불고기 300g 1+1+1,4900,4900,50
식품,ALL,24,[바라던]부드러운 구이용 부채살 200g 6팩 /미국산,19900,19900,40
식품,ALL,25,eTV 스팸클래식 340gX10캔,34900,34900,0
식품,ALL,26,[비첸향]미니이지 포크 500G  예약상품 2020.08.06 부터 발송,40020,40020,8
식품,ALL,27,[매일유업]아몬드브리즈 오리지널 두유 190ml 48팩+방수백증정,27900,27900,6
식품,ALL,28,[스타벅스]스타벅스 컵커피 카페라떼 200mlx20개+아이스포장,30900,30900,0
식품,ALL,29,[모닝하임]고기산적 1kg+1kg,12900,12900,0
식품,ALL,30,맥심 카누마일드 미니 100T+20 x2개입 총240T,34900,34900,22
식품,ALL,31,CJ제일제당 포도씨유 900ml x 4개,17520,17520,20
식품,ALL,32,(행사상품)N 동서식품_맥심모카골드믹스_230T 2760G ,21900,21900,0
화장품/헤어,ALL,1,[조성아뷰티]원더바스 16브랜드 조성아 메이크업 빅 썸머세일~,19900,19900,63
여행,ALL,25,|최대10만원할인|세인트존스 호텔 (강원/강릉/경포대/강릉호텔)(강원 호텔/강릉/속초/경포,86240,86240,2
여행,ALL,26,(구매후1시간후사용)대구아쿠아리움 입장권 7월~,20000,20000,0
여행,ALL,27,"|최대 10만원 할인||충북 리조트| 소노문단양(구단양대명리조트) (제천,진천,음성,단양)",78000,78000,0
여행,ALL,28,"|최대 10만원 할인||강원 호텔| 양양 더앤리조트 호텔&스파 (속초,양양,고성)",132000,132000,0
여행,ALL,29,|강원 횡성군| 웰리힐리파크(현대성우/스키장/강원횡성/횡성/강원도여행/웰리힐리/현대성우콘도/횡성스키),57000,57000,2
여행,ALL,30,덕산 스플라스리솜 워터파크/구 스파캐슬(7/25~8/16),26440,26440,0
여행,ALL,31,(문자 발송)경주 뽀로로아쿠아빌리지 입장권(7/10~8/23)/워터파크/스파/경주아쿠아/뽀로로,27300,27300,35
여행,ALL,32,부산 캐니언파크 문현점/ 부산 실내동물원/애니멀테마파크/부산가볼만한곳/카드,11900,11900,0
여행,ALL,33,(이용1시간전구매) 통영 스카이라인 루지 (루지/통영루지/통영놀곳/통영가볼만한곳/경남여행/통영케이블카),30600,30600,10
여행,ALL,34,부산아쿠아리움 패밀리권 (3인 OR 5인),54000,54000,0
컴퓨터/전자,ALL,35,[신일전자]신일 기본형 선풍기 SIF-12PNX,43900,43900,6
컴퓨터/전자,ALL,36,본사직영) CRP-CHP1010FD 쿠쿠 10인용 IH전기압력밥솥,323210,323210,4
컴퓨터/전자,ALL,37,[위니아](공식) 위니아 제습기 EDH18DDE 20년형(18리터),289000,289000,8
컴퓨터/전자,ALL,38,[LG전자]LG 듀얼 인버터 제습기 DQ200PSAA /20L,599000,599000,0
컴퓨터/전자,ALL,39,[에브리봇]물걸레 로봇청소기 Edge 강력한 물걸레 청소,264000,264000,19
컴퓨터/전자,ALL,40,샤오미 스마트 자동 유리창 창문 로봇 청소기 닦이,136900,136900,17
컴퓨터/전자,ALL,41,[샤오미]1+1 샤오미 SOLOVE 전기 모기채P1 /그레이,23800,23800,0
컴퓨터/전자,ALL,42,[샤오미]미 TV 스틱/1080P/한국어 지원/ 글로벌버전/블랙,39900,39900,13
컴퓨터/전자,ALL,43,[삼성전자]갤럭시버즈 플러스 완전무선 블루투스 이어폰 SM-R175,124900,124900,3
컴퓨터/전자,ALL,44,아웃핏터 플러스/의류관리기/건조기/다리미 세탁소기계,93900,93900,5
스포츠/자동차,ALL,2,[아디다스](신세계마산점)[MENS RUNNING]  런닝화/슬라이드/샌들 (FZ0388 FZ0387 FX3626 FX3627 FW3246 EE4169 EH3...,38180,38180,22
스포츠/자동차,ALL,3,[프로스펙스]오리지널 남성여성 워킹화 디스트릭 901 902 903,29160,29160,19
스포츠/자동차,ALL,4,엠리밋 남여 데일리 반팔티셔츠 1+1 초특가찬스,9900,9900,70
스포츠/자동차,ALL,5,[MLB]학생 슬리퍼/샌들/슬리퍼/남아샌들/남아슬리퍼/실내화,15900,15900,65
스포츠/자동차,ALL,6,[네파](신세계강남점)[네파]역시즌 여성 구스 다운 (엘라스티코/베타)2종 7F82042/7F82013,95200,95200,20
스포츠/자동차,ALL,7,[아디다스](신세계마산점)[UNISEX] 샌들/러닝화/스니커즈 (EG6514 EG6515 F35416 F35417 EF1387 EF1390 EF1389 EE9...,28830,28830,22
스포츠/자동차,ALL,8,나이키 아시안핏 레전드 티셔츠/아디다스 반팔반바지,16900,16900,65
스포츠/자동차,ALL,9,[BUFFALO]버팔로 올뉴 성형 구명조끼 남녀공용 물놀이용품,18900,18900,69
스포츠/자동차,ALL,10,[리복]리복본사DMX 시리즈 2200 /EF7727,55300,55300,0
스포츠/자동차,ALL,11,[웨스트우드]웨스트우드 여름 티셔츠/팬츠/자켓 시즌오프 세일전,13900,13900,64
스포츠/자동차,ALL,12,[미즈노]미즈노 역시즌 남여 맨투맨 후드집업 트레이닝바지,17800,17800,69
스포츠/자동차,ALL,13,[나이키][나이키] 얼리썸머 나이키반팔 모음,19900,19900,0
스포츠/자동차,ALL,14,[아디다스]나이키 아디다스外 인기 반팔티 반바지 단체복 모음,10500,10500,70
e쿠폰/티켓,ALL,68,[파리바게뜨](파리바게뜨) 마이넘버원3,27000,27000,0
e쿠폰/티켓,ALL,69,[메가커피](메가커피) 1만원권,9100,9100,9
e쿠폰/티켓,ALL,70,[컬쳐랜드문화상품권](카드가능)(컬쳐랜드) 온라인문화상품권 1천원권,1000,1000,0
e쿠폰/티켓,ALL,71,[세븐일레븐](세븐일레븐) 모바일상품권 1만원권,10000,10000,0
e쿠폰/티켓,ALL,72,[올레KT](KT) LTE 데이터쿠폰 5GB,30690,30690,7
e쿠폰/티켓,ALL,73,[투썸플레이스](투썸플레이스) 스트로베리 초콜릿 생크림,31430,31430,7
e쿠폰/티켓,ALL,74,[신라호텔]서울신라호텔 더 파크뷰 상품권(1인식사권),111000,111000,0
e쿠폰/티켓,ALL,75,[빕스](빕스) Pays 외식/카페 결합 금액권 10만원권,92000,92000,8
e쿠폰/티켓,ALL,76,[스타벅스](스타벅스) 아이스 카페아메리카노 Tall,4100,4100,0
e쿠폰/티켓,ALL,77,[배스킨라빈스]배스킨라빈스 이상한 나라의 솜사탕 케이크,25000,25000,0
e쿠폰/티켓,ALL,78,구글기프트카드 3만원 핀번호 실시간발송,29400,29400,0
e쿠폰/티켓,ALL,79,구글기프트카드 1만원 핀번호 실시간발송,9800,9800,0
e쿠폰/티켓,ALL,80,[맥도날드]맥도날드 디지털 2만원권,19200,19200,4
생활/주방/건강,ALL,2,극세사 클린 청소 슬리퍼 1+1 외 상시특가 50종,10000,10000,1
생활/주방/건강,ALL,3,KF94 4중필터 마스크 50매 (개당 798원 특가) 개별포장,39910,39910,8
생활/주방/건강,ALL,4,[하비비]청개구리 자동 변기 클리너 세정제 6개 (12개월분),23900,23900,0
생활/주방/건강,ALL,5,[깨끗한나라]순백블루 3겹 화장지 27m 30롤 x 3팩(특가),28600,28600,61
생활/주방/건강,ALL,6,(식약처인증) 국산 비말 차단 KF-AD 마스크 50매 KFAD,36900,36900,0
생활/주방/건강,ALL,7,한예지 볼륨앤소프트 천연펄프 3겹  화장지 30롤 3팩,21900,21900,66
생활/주방/건강,ALL,8,국산 630g 르미에 라지자캔들 아로마향초 캔들워머,9900,9900,0
생활/주방/건강,ALL,9,[브리타]막스트라 플러스 필터 3개월분 +1개월분 (총 4개월분),23000,23000,9
생활/주방/건강,ALL,10,[락앤락]프레쉬 롤백 200매x2개 총400매 위생장갑 지퍼백 할인,6960,6960,56
생활/주방/건강,ALL,11,[에코후레쉬]세탁조클리너 100g x 9개_곰팡이세균 99.9% 제거,10000,10000,66
생활/주방/건강,ALL,12,[다샵]국산 일회용 마스크 화이트 50매,14500,14500,18
도서/음반,ALL,2,도형학습지 플라토 단계별 세트 선택구매 (전4권),24000,24000,50
도서/음반,ALL,3,(북멘토)수상한 시리즈 전7권(수상한 아파트+우리반+학원+친구집+식당+편의점+도서관),71500,71500,7
도서/음반,ALL,4,픽토리 영어동화 낱권 골라담기 (107종),9100,9100,30
도서/음반,ALL,5,오즈시앤지 렛츠고 한국사 특별판 (1+2+3 합본),49800,49800,49
도서/음반,ALL,6,(예약판매/8월20일발송)큰별 쌤 최태성의 한국사 수호대 전7권,71000,71000,7
도서/음반,ALL,7,씨투엠에듀 플라토주머니 평면도형/입체도형 교구  선택구매,42200,42200,36
도서/음반,ALL,8,어스본 초등학생이 알아야 할 100가지 세트 (전11종),149000,149000,9
도서/음반,ALL,9,수능까지 이어지는 초등 고학년 수학 대수 개념편심화편테크닉 선택(개정판),55900,55900,33
도서/음반,ALL,10,미래주니어 하루10분 따라쓰기 시리즈 19종 선택구매/맞춤법/속담/고사성어외,5900,5900,0
도서/음반,ALL,11,[길벗스쿨]길벗스쿨 기적의 역사논술 (전5권),55000,55000,9
도서/음반,ALL,12,세이펜과 떠나는 한국 세계여행 회전지도(세이펜별매),23410,23410,0
도서/음반,ALL,13,우리 아이 첫 감정 연습 세트(전10권): 생활 속 10가지 감정(재정가세트),96000,96000,20
도서/음반,ALL,14,[아이챌린지]세 마리 토끼 잡는 독서 논술 P단계 세트 5권 / 독서 논술 A단계 세트 5권 선택구매,52500,52500,6
도서/음반,ALL,15,very 얼리챕터북 Jack/Starters/My Weird School 선택,45000,45000,68
도서/음반,ALL,16,(도치맘) The Magic School Bus 매직 스쿨버스 DVD 26종 풀세트 (52개 에피소드),98000,98000,50
도서/음반,ALL,17,비아에듀 연산의 발견 /만화 수학 교과서/ 사전 선택구매,26000,26000,7
도서/음반,ALL,18,[비룡소]비룡소 기획 말놀이 동요집/동시집 선택구매,32000,32000,65
가구/침구,ALL,10,[아망떼]고밀도 순면 매트리스커버/침대패드/침대커버,12900,12900,67
가구/침구,ALL,11,[르헤브]최다구성2+2 피톤치드 항균 베개솜/여름베개/베개커버,9900,9900,70
가구/침구,ALL,12,[비트백]액자형 DIY 보석십자수 명화그리기/비즈/그림/큐빅,20580,20580,5
가구/침구,ALL,13,돈을 부르는 황금 코끼리상 인테리어소품 장식품 동상,9900,9900,44
가구/침구,ALL,14,[아망떼]시원한 인견 이불/여름이불세트,14900,14900,69
가구/침구,ALL,15,[나크제이]1+1 디퓨저 500ml + 500ml + 스틱세트/탈취제/방향제,12900,12900,59
가구/침구,ALL,16,led 방등 등 기구 거실등 조명 형광등 LG칩,23900,23900,69
가구/침구,ALL,17,[리브맘]눕자마자 꿀잠~ 초고밀도 메모리폼베개 경추베개,13900,13900,69
가구/침구,ALL,18,[유에프오](현대Hmall)[UFO] 캠퍼필드 오픈도어 폴딩박스 캠핑테이블 포켓세트,36500,36500,0
가구/침구,ALL,19,디퓨저 500ml + 섬유스틱5p 대용량 디퓨저,7900,7900,50
가구/침구,ALL,20,[이블랑]고밀도 고탄력 방수 소파커버 1인용~4인용 28컬러,16800,16800,70
가구/침구,ALL,21,[쁘리엘르]시원한 여름이불세트/이불베개세트,15900,15900,70
식품,ALL,33,[헬스원]롯데헬스원 퓨어콜라겐 정제 108정 2통 +증정,27000,27000,6
식품,ALL,34,[맥심]화이트골드 커피믹스 160T+160T 커피,32900,32900,20
식품,ALL,35,[너트리]캘리포니아 볶음아몬드 500g x 2개 19년산,11210,11210,21
식품,ALL,36,[미스타셰프]미스타셰프 육개장 600g 4팩/간편조리/즉석/증정,11500,11500,30
식품,ALL,37,[오뚜기]오뚜기 매콤새콤한 메밀비빔면 4개입 x 5개,13720,13720,0
식품,ALL,38,[매일유업]딸기우유 200ml 24팩+초코 멸균우유 200ml 24팩,18900,18900,10
식품,ALL,39,청정우 척롤 (3초구이 샤브용) 300g+300g+300g,12900,12900,30
식품,ALL,40,[햇반]햇반 210g x 36입 (1박스),30900,30900,0
식품,ALL,41,김나운 더키친 두툼한 손질 갈치 24토막 1팩(2토막 2,36910,36910,7
식품,ALL,42,맥심 카누다크미니 100T+20 x2개입 총240T,34900,34900,22
식품,ALL,43,씨없는 수박 4kg / 농협 / 굿뜨래 / 산지직송,9900,9900,30
식품,ALL,44,[하이드로더치]10+10+7 하이드로 더치커피 콜드브루 원두 커피,3900,3900,50
식품,ALL,45,육즙 가득한 쟌슨빌 스모크소시지 1810g 外,23900,23900,4
화장품/헤어,ALL,2,[닥터방기원]랩 탈모샴푸 1Lx3통+랩탈모토닉 150ml+사은품,27900,27900,0
화장품/헤어,ALL,3,[플란투어]플란투어 39 파이토 카페인 샴푸 250ml (가는모발용),6900,6900,65
화장품/헤어,ALL,4,[푸로루나]1+1+1 오토 아이브로우 펜슬 / 눈썹 / 납작 /디자이닝,7500,7500,58
화장품/헤어,ALL,5,[참존]참존 바캉스특집전 피부도 건강도 예뻐지자 ~95%할인,10900,10900,69
화장품/헤어,ALL,6,[아이오페]아이오페 바이오 에센스 인텐시브 컨디셔닝 168ml 외,48000,48000,20
화장품/헤어,ALL,7,[라네즈]네오 쿠션 매트 15G/24시간모공커버/쿠션팩트/컨실러급,21250,21250,15
화장품/헤어,ALL,8,1+1 빅세일 홍진영 메이크업 홍샷 팩트/파데/틴트,17570,17570,53
화장품/헤어,ALL,9,[유세린]유세린 하이알루론 미스트 150ml 1+1,18900,18900,50
화장품/헤어,ALL,10,[프레쥬]프레쥬 자연약쑥  닦토진정토너 500ml 1+1 (+행사중),8900,8900,69
화장품/헤어,ALL,11,[치노시오야]치노시오야 내추럴포어 클렌징 오일,31820,31820,2
화장품/헤어,ALL,12,미샤 멤버십데이 인기상품 Up to 69% or 썬케어 1+1,18200,18200,50
화장품/헤어,ALL,13,NANANE 젤네일 스티커 모음전 네일아트 젤스티커,3270,3270,12
화장품/헤어,ALL,14,3+1 명품향을 담은 향수득템G,11900,11900,69
화장품/헤어,ALL,15,[과일나라]허브테라피 딥 모이스처 샴푸 1500ml 1+1 / 대용량,13900,13900,7
화장품/헤어,ALL,16,[더블모]더블모 어성초샴푸 1000g 1+1(2EA) 헤어케어 두피관리,17500,17500,20
여행,ALL,35,제천프라우드리조트(글램핑),49000,49000,0
여행,ALL,36,|강원 고성군| 고성 금강산 콘도(고성/금강산/고성여행/바다/고성숙소/고성콘도/통일전망대/동해/거진항),48020,48020,2
여행,ALL,37,"|최대 10만원 할인||강원 호텔| 춘천 더 잭슨나인스 호텔 (춘천,강촌)",89000,89000,0
여행,ALL,38,경주월드 7월 자유이용권 종일권/오후4시권 /4시권 소인 기준 (7/1~7/31),20900,20900,0
여행,ALL,39,삼척 쏠비치리조트 쏠비치호텔 쏠비치콘도 삼척호텔 솔비치 쏠비치 대명쏠비치,135000,135000,0
여행,ALL,40,제주렌트카 완전자차 야간인수/새벽반납 전기차 스타렉스 공항 렌트 예약,8900,8900,53
여행,ALL,41,한화 아쿠아플라넷 여수 입장권/종합권(아쿠아리움),14000,14000,0
여행,ALL,42,한화리조트 거제 벨버디어 ( 거가대교 / 거제여행 ),158000,158000,0
여행,ALL,43,|강원 속초시| 신세계 영랑호 리조트(속초/속초리조트/속초숙박/속초콘도/강원도/강원도 속초/동양),76840,76840,0
여행,ALL,44,|최대 10만원 할인||제주 호텔| 신화관 제주 신화월드 호텔앤리조트 (서귀포시),117920,117920,0
여행,ALL,45,|강원 평창군| 휘닉스 평창 리조트(휘닉스/휘닉스 평창/휘닉스파크/애견동반/펫룸/애견동반객실),85000,85000,0
컴퓨터/전자,ALL,45,[휘센]LG 휘센 인버터 제습기 20L DQ200PBBC 1등급,473000,473000,7
컴퓨터/전자,ALL,46,[캐리어][캐리어 공식판매점] 클라윈드 18L 제습기 CDHM-C018LMAB /본사 직접발송 /2020년형,259830,259830,3
컴퓨터/전자,ALL,47,[삼성전자]공식파트너 삼성 세라믹 전자레인지 MS23K3523AK,92900,92900,21
컴퓨터/전자,ALL,48,[이노크아든]주말특가 이노크 35cm 스탠드 선풍기/리모컨 벽걸이,17900,17900,39
컴퓨터/전자,ALL,49,[인스탁스]인스탁스 미니필름 40장+사은품/폴라로이드필름,33730,33730,4
컴퓨터/전자,ALL,50,[베이스어스]GaN 65W 고속 충전기 멀티포트  PD충전 한국형플러그,34900,34900,0
컴퓨터/전자,ALL,51,LG전자 DQ200PSAA 휘센 제습기 20L,540790,540790,0
컴퓨터/전자,ALL,52,[콘에어]콤팩트 파워 핸디형 스팀다리미 GS2K,24730,24730,0
컴퓨터/전자,ALL,53,준마 회사원 상한머리 걸러주는 고데기 0.6cm JM04,31900,31900,43
컴퓨터/전자,ALL,54,[쿠쿠]본사직영) CRP-DHP0610FD 쿠쿠 6인용 IH전기압력밥솥,266170,266170,4
컴퓨터/전자,ALL,55,[매직쉐프]매직쉐프 전자렌지 전자레인지 20L MEM-GP20B,59900,59900,7
컴퓨터/전자,ALL,56,tvnD 웹드 소녀의세계 화제템 SNS대란 뷰티비기닝 무선미니고데기,36900,36900,7
컴퓨터/전자,ALL,57,[레드울프]S20 노트10 5G/노트8/S10/S9/S8/울트라 가죽 폰케이스,19900,19900,17
패션의류,ALL,1,[행텐]행텐/H커넥트 S/S 반팔 반바지 티셔츠 신상+시즌오프,10000,10000,69
유아동/출산,ALL,1,(정품) Scholastic 스콜라스틱 에브리데이 북박스 Everyday book box 123 풀세트,315000,315000,50
신발/잡화,ALL,1,[프롬산타]최대30켤레 양말/페이크삭스 덧신 남자여자발목양말,6900,6900,70
스포츠/자동차,ALL,15,앵콜행사 푸마 트레이닝복 상/하의 스포츠웨어 기획전,21900,21900,70
스포츠/자동차,ALL,16,앵콜행사 헤드/푸마 여름철 데일리 반팔티셔츠 특가,9900,9900,70
스포츠/자동차,ALL,17,[아디다스]아디다스 나이키外 바캉스 슬리퍼/실내화/샌들 모음,14500,14500,58
스포츠/자동차,ALL,18,[프로월드컵][프로월드컵] (50매) 성인 아동 3중필터 마스크,6900,6900,0
스포츠/자동차,ALL,19,[에버라스트]여름세일 남녀 발목양말/페이크삭스/패션양말 7종세트,8900,8900,53
스포츠/자동차,ALL,20,[로티캠프]원터치 그늘막 빅패밀리 텐트 6인용 캠핑 낚시 용품,91910,91910,7
스포츠/자동차,ALL,21,[프로월드컵]22%추가쿠폰 티셔츠/샌들슬리퍼/나시 민소매,5900,5900,69
스포츠/자동차,ALL,22,[리복]리복본사DMX PERT /FV5062,71200,71200,0
스포츠/자동차,ALL,23,[푸마]홈쇼핑 동일 푸마/리복 언더셔츠 브라탑 특가 모음,9900,9900,70
스포츠/자동차,ALL,24,[BUFFALO]버팔로 올뉴 타프하우스/메가 타프하우스/타프스크린,349000,349000,0
스포츠/자동차,ALL,25,[아이더]2020 F/W 신상 미리공개 한정수량 선할인 6만원대부터,209300,209300,30
스포츠/자동차,ALL,26,[넘버엔]1+1 넘버엔 릴렉스 체어 프로 접이식 캠핑 의자 외,62940,62940,9
스포츠/자동차,ALL,27,아이두젠 벌크암체어 1+1 접이식 캠핑의자,39800,39800,0
e쿠폰/티켓,ALL,81,[맥도날드]맥도날드 디지털 1만원권,9600,9600,4
e쿠폰/티켓,ALL,82,[로제타스톤]뉴 로제타스톤 (1번 구매로) 24개 언어 무제한 평생 학습권,269000,269000,61
e쿠폰/티켓,ALL,83,[아웃백스테이크하우스](아웃백) (V2) 갈릭립아이 B세트,77220,77220,17
e쿠폰/티켓,ALL,84,[BHC](BHC) 뿌링클+콜라1.25L,18050,18050,5
e쿠폰/티켓,ALL,85,[롯데리아](롯데리아) 모바일 1만원권(잔액관리형),9600,9600,4
e쿠폰/티켓,ALL,86,[컬쳐랜드문화상품권](카드가능)(컬쳐랜드) 온라인문화상품권 5천원권,5000,5000,0
e쿠폰/티켓,ALL,87,[배스킨라빈스](배스킨라빈스) 모바일 5만원권,50000,50000,0
e쿠폰/티켓,ALL,88,일본 구글 플레이 카드 10000엔ALLTIME즉시발송,108000,108000,0
e쿠폰/티켓,ALL,89,[BBQ](BBQ) 황금올리브치킨+콜라 1.25L,19000,19000,5
e쿠폰/티켓,ALL,90,[미스터피자](미스터피자) 피자뷔페 1인(주중/주말),9650,9650,25
e쿠폰/티켓,ALL,91,[메가커피](메가커피) 아이스아메리카노,1860,1860,7
e쿠폰/티켓,ALL,92,[스타벅스](스타벅스) 너만큼 완벽한 디저트 세트,20300,20300,0
e쿠폰/티켓,ALL,93,CGV/롯데시네마/메가박스 전국 영화관람권 (문자발송),7800,7800,0
생활/주방/건강,ALL,13,[아이러브베베]아이러브베베물티슈핑크100매캡형X20팩,13900,13900,53
생활/주방/건강,ALL,14,쫀쫀 실리콘 랩 뚜껑 24P 구성,12900,12900,0
생활/주방/건강,ALL,15,바디매치 마사지건,128000,128000,0
생활/주방/건강,ALL,16,[잘풀리는집]순수PURE 천연펄프 25m30롤 x3팩/휴지/화장지,26900,26900,15
생활/주방/건강,ALL,17,KF94 마스크 100매 (개당 789원특가)당일출고/개별포장,78900,78900,8
생활/주방/건강,ALL,18,[페브리즈]페브리즈 섬유탈취제 다우니 향 900ml 대용량 2개 d,18100,18100,35
생활/주방/건강,ALL,19,[베이비베이비]베이비베이비 아기물티슈 트윙클120매 20팩 캡형,14900,14900,66
생활/주방/건강,ALL,20,[하비비]청개구리 자동 싱크대 클리너 세정제 3개,16700,16700,68
생활/주방/건강,ALL,21,[브리타]마렐라XL 3.5L 화이트 +필터 1개월분 (기본구성),33900,33900,24
생활/주방/건강,ALL,22,[테리파머]호텔수건 무형광 180g 다이아보더 수건 10장 타올,18900,18900,9
생활/주방/건강,ALL,23,수애랑 세면대 주방 수압상승 녹물 정수+필터 3P 세트,21900,21900,0
도서/음반,ALL,19,(도치맘) 매직 스쿨버스 리더스북 직수입도서 30종 (Paperback) + CD 30종 증정),165000,165000,45
도서/음반,ALL,20,[EBS교육방송]2020년 2학기 EBS 초등 기본서 만점왕 세트 학년별 선택구매,46000,46000,17
도서/음반,ALL,21,[시공주니어]마더스카페/시공주니어 초등창작 필독선 레벨별 모음전,550000,550000,8
도서/음반,ALL,22,안녕 나는 시리즈 골라담기 8권 강릉 강원도 경주 서울 인천 전주 제주도 해외여행,12000,12000,0
도서/음반,ALL,23,[달리]달리  너도 보이니 9권세트 (특급열차/꿈의도시 등),54260,54260,6
도서/음반,ALL,24,[아이챌린지]세 마리 토끼 잡는 초등 어휘 P단계 / 초등 어휘 A단계  / 초등 독해 A단계 세트별 선택구매,31500,31500,21
도서/음반,ALL,25,YGSELECT - 트레저 1집 TREASURE 1st SINGLE ALBUM  (THE FIRST STEP : CHAPTER ONE),14800,14800,0
도서/음반,ALL,26,(씨앤톡/특별재정가세트)나도 이제 초등학생 전7권/초등 교과연계/초등학교 1-2학년 교과연계,63000,63000,10
도서/음반,ALL,27,교과서속 정치/경제/지리,28300,28300,0
도서/음반,ALL,28,책내음 삐악삐악 시리즈 6권세트,57000,57000,5
도서/음반,ALL,29,아이유 DVD/블루레이 - 2019 IU Tour Concert (Love  poem) in Seoul (2 Disc),43800,43800,0
도서/음반,ALL,30,무지개 물고기 8권세트,78000,78000,2
도서/음반,ALL,31,사자를 숨기는 법 전4권/전 세계 20개 언어로 번역/주요상 수상 작가,46080,46080,4
도서/음반,ALL,32,{애플뮤직 단독특전 EVENT}(버전선택) 에이티즈 (ATEEZ) - ZERO : FEVER Part.1 (미니앨범 5집),12900,12900,0
도서/음반,ALL,33,달리 세계그림동화 전20권+2권(여름그림책) 총22권세트/가장 아름다운 그림동화 시리즈,178560,178560,10
도서/음반,ALL,34,국내생산-엄마랑 세이펜 벽그림 포스터 병풍 완성품/당일발송 세이펜별매,41500,41500,2
도서/음반,ALL,35,(중복할인)20년 1학기 2학기 우등생 해법시리즈 전과목세트 국사과세트 국수세트 초등문제집,54000,54000,10
가구/침구,ALL,22,[쁘리엘르]유아 방수패드 온가족용 낮잠이불 시어서커 순면,10900,10900,69
가구/침구,ALL,23,(특가)국산튼튼한 조립식 렌지대 다이 전자렌지수납장,23900,23900,37
가구/침구,ALL,24,[퍼스퍼코리아]무료반품 랭킹1위 컴퓨터 학생 사무용 공부 책상의자,33980,33980,15
가구/침구,ALL,25,항균 매트리스커버 누빔 순면 방수 매트커버 침대커버,9900,9900,70
가구/침구,ALL,26,[아망떼]시원한 리플 여름 토퍼/풍기인견토퍼/순면토퍼,19900,19900,64
가구/침구,ALL,27,일루일루 라이트 G-지타이탄 게이밍 체어 3색상,81090,81090,0
가구/침구,ALL,28,[쁘리엘르]1+1 피그먼트 베개커버/순면 베개커버/방수베개커버,6900,6900,69
가구/침구,ALL,29,[무아스]모던심플 고속 무선충전 LED 무드등 우드 취침조명,24900,24900,37
가구/침구,ALL,30,역시즌 호텔식 구스침구 모음전 (1296068_B3),56900,56900,0
가구/침구,ALL,31,DIY 보석십자수 액자형 아이러브페인팅 큐빅 비즈,21900,21900,0
가구/침구,ALL,32,[리브맘]2020년 시원한 여름 침대 쿨매트 특대형/중형 쿨방석,17900,17900,69
식품,ALL,46,청원농협_왕의밥상_20KG 포 ,46900,46900,0
식품,ALL,47,단단한 복숭아 4.5kg내외(24과내외)/2개구매시10kg발송,9900,9900,30
식품,ALL,48,[미스타셰프]미스타셰프 마라탕 550g 2팩/즉석마라탕/간편식/증정,11500,11500,30
식품,ALL,49,가정식 생포기김치10Kg /총각/HACCP,22900,22900,30
식품,ALL,50,[맥심]맥심 모카골드 커피믹스 320T +썸머 비치타월 증정,34800,34800,20
식품,ALL,51,[파스퇴르]파스퇴르 무항생제 인증 바른목장 우유(190ml48입)/멸균우유,24370,24370,6
식품,ALL,52,초당 옥수수 15개입(17cm이상)/농협,14900,14900,33
식품,ALL,53,[일리]일리 네스프레소 호환 캡슐 100개,57860,57860,4
식품,ALL,54,[동원에프앤비][싱싱냉동마트]매일유업 유기농치즈 첫치즈/아기치즈 外 [100매],24380,24380,8
식품,ALL,55,황금미가 쌀 20kg 19년산 (당일도정),45900,45900,40
식품,ALL,56,신세계 스타필드 입점 하남쭈꾸미 500g 보통맛 4팩세트,39700,39700,0
식품,ALL,57,착한낙지 135g X 6팩 + 비법소스 6팩,27000,27000,10
화장품/헤어,ALL,17,메디팜 대용량 크림 500g 3종/시카 클렌징폼 택1+증정,12900,12900,62
화장품/헤어,ALL,18,[헤어플러스]단백질 본드 앰플 145ml 외/샴푸/헤어팩/헤어에센스,16900,16900,0
화장품/헤어,ALL,19,[무슈제이]클래식 아쿠아 에센스 올인원 155ml 1+1,12900,12900,57
화장품/헤어,ALL,20,[페디슨]저자극 여성청결제 약산성 1+1 거품/액상(+손소독제),6900,6900,65
화장품/헤어,ALL,21,[라벨영]쇼킹 헤어슬리핑크림 3+1 /바르고자면 실크모발/홈케어,29900,29900,0
화장품/헤어,ALL,22,[밀크바오밥]1+1 대용량 세라 샴푸/트리트먼트/바디워시/바디로션,24900,24900,10
화장품/헤어,ALL,23,[라벨영]쇼킹비타민우유 미백크림 3+1/미백/즉각톤업/화이트닝,35700,35700,0
화장품/헤어,ALL,24,[더바디샵][더바디샵] 점보 티트리 오일 20ML (97253),17850,17850,15
화장품/헤어,ALL,25,[닥터브로너스]닥터브로너스  퓨어 캐스틸 솝 950ml+거품용기 (2개이상 구매시 120ml 증정 ),22320,22320,10
화장품/헤어,ALL,26,데싱디바 페디세트 슈퍼슬림핏 카리브 컬렉션(전구성,67210,67210,15
화장품/헤어,ALL,27,(20%중복) 토니모리 상반기결산 토니데이  ~82%,14800,14800,40
화장품/헤어,ALL,28,[아임미미]전품목 브랜드 SALE + 사은품 폭탄,14400,14400,60
화장품/헤어,ALL,29,[해피바스]해피바스 비누 100gx12개/ 세수비누 세안비누 클렌징,10700,10700,0
화장품/헤어,ALL,30,[페디슨]아르간 퍼퓸 헤어세럼/헤어에센스 130ml 1+1 (+행사중),8900,8900,68
화장품/헤어,ALL,31,[모로칸오일]헤어 트리트먼트 200ml 대용량+펌프포함 당일배송시작,59890,59890,0
여행,ALL,46,|최대 10만원 할인||전남 호텔| 여수 라마다프라자 호텔 (여수),69830,69830,0
여행,ALL,47,(문자발송/익일부터 이용가능)덕산 스플라스 리솜 워터파크 이용권/스파/온천(~8/16),26500,26500,0
여행,ALL,48,(공식판매처)캐리비안베이 골드 2인(대인+소인) 종일/오후권+에버랜드 자유 이용 무료(~8/30),48000,48000,0
여행,ALL,49,"|최대 10만원 할인||충남 펜션| 보령 환상의바다리조트 (보령,대천해수욕장)",40000,40000,0
여행,ALL,50,"|최대 10만원 할인||부산 호텔| 베스트웨스턴 플러스 부산 송도 (남포동,중앙동,태종대,송도,영도)",51000,51000,0
여행,ALL,51,(문자발송) 어린이대공원 자유이용권/능동/서울/데이트코스/놀이동산/테마파크,17000,17000,0
여행,ALL,52,[휘닉스](카드할인10%) 휘닉스 블루캐니언 3인/4인 종일권+매쉬백 증정(7/25~8/23),100000,100000,55
여행,ALL,53,대구  이월드 자유이용권 7월,20610,20610,10
여행,ALL,54,(공식판매처) 에버랜드 종일+큐패스 1종 패키지(~8/31),35000,35000,42
여행,ALL,55,|강원 평창군| 용평리조트(용평/용평콘도/용평리조트/평창숙소/평창숙박/스키장/강원도/평창),113490,113490,3
여행,ALL,56,|전남 여수시| 여수 베네치아호텔 앤 리조트(여수베네치아호텔/여수베네치아/여수베네치아호텔앤리조트),90400,90400,0
여행,ALL,57,하슬라아트월드/강릉정동진미술관/하슬라미술관/아차,10000,10000,0
컴퓨터/전자,ALL,58,[다이슨]다이슨 에어랩 스타일러 컴플리트 재고보유/정품에이블,616770,616770,1
컴퓨터/전자,ALL,59,[닌텐도]스위치 모여봐요 동물의 숲 한글판 / oo,62340,62340,1
컴퓨터/전자,ALL,60,[윈드피아]가정용 업소용 사무실 스탠드 키높이 선풍기 WA-170,20900,20900,19
컴퓨터/전자,ALL,61,[LG]싸이킹 POWER 청소기 C40SFHT (실버/초간편먼지통/터보싸이클론),146720,146720,0
컴퓨터/전자,ALL,62,[클라쎄]대우전자 DWR-10MCWRH 인버터 히트펌프 건조기 10kg,557070,557070,7
컴퓨터/전자,ALL,63,[쿠첸]전기압력밥솥 6인용 CJS-FA0601V 음성안내 / 뚜껑분리,119300,119300,0
컴퓨터/전자,ALL,64,[삼성전자]핸드폰 갤럭시S20 S10 S9 노트10 플러스 노트9 노트8,9900,9900,50
컴퓨터/전자,ALL,65,[삼성전자]SM-R175 갤럭시버즈 플러스 블루투스이어폰 AKG 튜닝 P,137000,137000,0
컴퓨터/전자,ALL,66,삼성전자 DDR4 8G PC4-21300 (정품)-꿈누리,34000,34000,0
컴퓨터/전자,ALL,67,[뽀송]공식인증점  위닉스 뽀송 10L 제습기 {DXAW100-IWK},217560,217560,2
컴퓨터/전자,ALL,68,액정보호필름 강화유리 갤럭시S20 S10 노트10 아이폰X,5870,5870,2
컴퓨터/전자,ALL,69,[닌텐도]스위치 제노블레이드 2 특전 슬리브 증정 9월 2일 출고,59800,59800,3
컴퓨터/전자,ALL,70,[구글]구글 크롬캐스트 3세대 chromecast 크롬캐스트3 정품,58980,58980,1
패션의류,ALL,2,여름 마지막할인가  루즈핏  블라우스/원피스,6900,6900,70
패션의류,ALL,3,쉬블림로브 신상 블라우스 빅사이즈 원피스 셔츠,9900,9900,19
패션의류,ALL,4,달리샵 입으면 더 예쁜 원피스/티셔츠,9900,9900,70
패션의류,ALL,5,[휠라언더웨어]FILA 휠라 언더웨어 노와이어/브라팬티세트/SET,12900,12900,48
패션의류,ALL,6,[이너리즘]이너리즘 에어 1+1 시원하고 편한 쿨모달 브라나시,12900,12900,0
패션의류,ALL,7,루즈델리 여름신상 롱원피스/빅사이즈/린넨/티셔츠,12900,12900,70
패션의류,ALL,8,더다다 여름신상 빅사이즈 롱티셔츠/셔츠/원피스,5900,5900,69
패션의류,ALL,9,[예스]예스 외 17%쿠폰 브라/팬티 브랜드 언더웨어,8400,8400,70
패션의류,ALL,10,데이데이 잘나가는 데일리룩 8900 균일가,8900,8900,69
패션의류,ALL,11,투투 역대급 3단균일가+10%즉시 슬랙스/반바지 5XL,9900,9900,70
패션의류,ALL,12,프라이데이 5900~ 여름세일/롱티/박스/원피스,5900,5900,69
패션의류,ALL,13,[원더브라]여름에도 원더브라 나를위한 푸쉬업 브라팬티 균일가,15900,15900,70
패션의류,ALL,14,다온샵 역대균일특가 단하루 청바지/린넨/반바지 3XL~,9900,9900,70
유아동/출산,ALL,2,[비앤비]닥터아토 로션/비앤비 세제/유키두 물놀이/육아템+22%,17900,17900,69
유아동/출산,ALL,3,(북멘토)수상한 시리즈 전7권(수상한 아파트+우리반+학원+친구집+식당+편의점+도서관),71500,71500,7
유아동/출산,ALL,4,[행텐주니어]행텐틴즈 티셔츠 팬츠 래쉬가드 신상+시즌오프,10000,10000,69
유아동/출산,ALL,5,쁘띠뮤/COOL세일 레깅스2900원상하복7900원~,7900,7900,69
유아동/출산,ALL,6,[아이러브베베]아이러브베베물티슈핑크100매캡형X20팩,13900,13900,53
유아동/출산,ALL,7,[삠뽀요]여름시즌오프 최대12%쿠폰 상하복 7110원,7900,7900,69
유아동/출산,ALL,8,[베이비베이비]베이비베이비 아기물티슈 트윙클120매 20팩 캡형,14900,14900,66
유아동/출산,ALL,9,[하기스]2020 NEW 하기스 기저귀/매직핏/보송보송/팬티,40900,40900,0
유아동/출산,ALL,10,[키즈레시피]키즈레시피 디즈니미키/맨투맨/팬츠/여름아동복,9900,9900,70
유아동/출산,ALL,11,오즈시앤지 렛츠고 한국사 특별판 (1+2+3 합본),49800,49800,49
유아동/출산,ALL,12,[JR주니어]제이알주니어 여름마감 싹쓰리가 1900원~ 상하복690,4900,4900,69
신발/잡화,ALL,2,스타일윙윙 여자 남자 덧신 페이크삭스 발목 중목양말,6900,6900,70
신발/잡화,ALL,3,[디스커버리] 워킹화/스니커즈 8종특가,29000,29000,0
신발/잡화,ALL,4,지금 사면 딱 좋은 여성 슬리퍼 샌들 뮬 블로퍼 신발,9800,9800,69
신발/잡화,ALL,5,[페이퍼플레인]여름신발 여성샌들 스트랩샌들 통굽 슬리퍼 웨지힐 뮬,11800,11800,69
신발/잡화,ALL,6,1+1 욕실화 화장실 여성 슬리퍼 실내화 거실화 패션,6900,6900,70
신발/잡화,ALL,7,신상 여성샌들 여성슬리퍼 여자 샌들 슬리퍼 여름샌들,6900,6900,70
신발/잡화,ALL,8,[NeeGee]반지증정 14K 골드 신상 중량감up 팔찌/발찌/귀걸이,39900,39900,69
신발/잡화,ALL,9,[까르페디엠]스마트 자동장우산(예쁜 무지 여성 학생 튼튼한 패션),6840,6840,0
신발/잡화,ALL,10,[가나양말]남자 여자 발목 양말 덧신 페이크삭스 뮬 블로퍼,6900,6900,70
신발/잡화,ALL,11,힐슈빌 여성샌들 여름샌들 샌들 스트랩 웨지 플랫샌들,9800,9800,69
신발/잡화,ALL,12,메쉬볼캡 패션모자 스타일리쉬헷 남여공용 볼캡 모자,7900,7900,0
신발/잡화,ALL,13,[투투삭스]시즌오프 양말 균일가 패션양말/스니커즈/골지/학생,6900,6900,70
신발/잡화,ALL,14,잇슈 신상 샌들 슬리퍼 뮬 블로퍼 플랫 스트랩 통굽,10900,10900,69
신발/잡화,ALL,15,[기라로쉬](JSG) 기라로쉬 3단 완전자동우산 [바이어스7K-70061],8750,8750,16
신발/잡화,ALL,16,단골언니 여성 신발 슬립온/스니커즈/운동화,14800,14800,26
신발/잡화,ALL,17,신상 여성백팩 가방 캐주얼 여자 직장인 학생 배낭,15900,15900,69
신발/잡화,ALL,18,크로커다일 3단자동우산/아동/장우산/양산/우양산,6500,6500,69
스포츠/자동차,ALL,28,[패스트캠프]오페라3 원터치 텐트 3~4인용 팝업텐트,49900,49900,0
스포츠/자동차,ALL,29,[리복]리복본사리복 3D 퓨젼 트레이닝 /DV4169,29000,29000,0
스포츠/자동차,ALL,30,[네파]네파 SS 인기 티셔츠/팬츠/자켓 클리어런스 SALE,27900,27900,60
스포츠/자동차,ALL,31,베스트라인 엔진 코팅제 오일첨가제 아이큐샵,22900,22900,50
스포츠/자동차,ALL,32,[뉴발란스]뉴발란스/나이키/푸마 슬리퍼 40종 택1,20900,20900,58
스포츠/자동차,ALL,33,(행사)최신 15W 차량용 핸드폰 고속 무선 충전 거치대,29900,29900,40
스포츠/자동차,ALL,34,[빈폴스포츠] 빈폴남성구스사파리 경량 다운 (BO9X38D16),59250,59250,25
스포츠/자동차,ALL,35,[에버라스트]24%쿠폰/에버라스트/여름/트레이닝복세트/반바지/반팔,17900,17900,69
스포츠/자동차,ALL,36,[올포유]올포유 SUMMER 인기 골프웨어 티셔츠/팬츠/아우터/ACC,28500,28500,70
스포츠/자동차,ALL,37,[파인뷰]파인뷰 X700 블랙박스 64G로 UP F/F 32GB 출장설치,219000,219000,18
스포츠/자동차,ALL,38,[아디다스]아디다스 20SS 반팔티/반바지/샌들/운동화 시원한가격,16900,16900,48
e쿠폰/티켓,ALL,94,[컬쳐랜드문화상품권](카드가능)(컬쳐랜드) 문화상품권5천원권(ID바로충전),4850,4850,3
e쿠폰/티켓,ALL,95,[설빙](설빙) 디지털 2만원권,19000,19000,5
e쿠폰/티켓,ALL,96,[설빙](설빙) 디지털 1만원권,9500,9500,5
e쿠폰/티켓,ALL,97,[스타벅스](스타벅스) 기분좋은 디저트 세트,13700,13700,0
e쿠폰/티켓,ALL,98,[웨스턴조선]조선호텔 아리아뷔페 1인식사권 (전일 사용가능),110000,110000,0
e쿠폰/티켓,ALL,99,[쿠우쿠우](쿠우쿠우) 기프티카드 10만원권,100000,100000,0
e쿠폰/티켓,ALL,100,[스타벅스](스타벅스) 부드러운 디저트 세트,12700,12700,0
생활/주방/건강,ALL,24,[레인보우샵]과탄산소다 3kg 대용량 1+1  베이직,11900,11900,68
생활/주방/건강,ALL,25,[유한락스]유한락스 new 욕실청소 500mlx4개 +락스 500ml 증정,12900,12900,13
생활/주방/건강,ALL,26,[하비비]요술톡톡 변기클리너 1세트(브러쉬 72개입),19800,19800,0
생활/주방/건강,ALL,27,[살림백서]살림백서 제습제 520ml 24개입 옷장 습기제거제,16900,16900,66
생활/주방/건강,ALL,28,[다우니]다우니 섬유유연제 8.5L 아로마플로럴 x 2개 농축형,28900,28900,67
생활/주방/건강,ALL,29,[박스포유]100%직접생산/ 박스포유 택배박스,27500,27500,14
생활/주방/건강,ALL,30,[쏘피]바디피트 3+3 골라담기 균일초특가/생리대/오버나이트,12900,12900,50
생활/주방/건강,ALL,31,국내생산 귀가 편한 3중필터 마스크 50매,21000,21000,0
생활/주방/건강,ALL,32,[베베숲]베베숲 프리미어 물티슈 엠보싱 캡 70매 20팩,27630,27630,0
생활/주방/건강,ALL,33,로벤탈 올리비아네이쳐 프라이팬 1+1,14900,14900,8
생활/주방/건강,ALL,34,국내산 KF-AD 비말차단 마스크 대형 화이트50매 입체형,28900,28900,0
생활/주방/건강,ALL,35,[페리오]펌핑치약 285gX3종(스피아민트+허브+시트러스),12900,12900,0
도서/음반,ALL,36,키즈엠 도서 신나는 여름휴가 그림책 (전 6권),65000,65000,7
도서/음반,ALL,37,(초등세계사추천) 한국헤르만헤세 나폴레옹이야기세계사 전68권 : 펜별도,228000,228000,24
도서/음반,ALL,38,(DVD 베스트) 슈퍼심플송 SUPER SIMPLE SONG ABC Phonics WORD+베스트+스페셜,109000,109000,9
도서/음반,ALL,39,JYBOOKS 노부영 사이트 워드 48종 풀세트,198560,198560,13
도서/음반,ALL,40,NE능률 Come On Everyone Lv.1~6 Set (개정판),96000,96000,33
도서/음반,ALL,41,[기탄교육]기탄 사고력 수학 세트 외 시리즈 선택(기탄수학/국어/한글/영어/한자/떼기시리즈),25200,25200,10
도서/음반,ALL,42,(도치맘)(세이펜BOOK) 매직 스쿨버스 클래식 6종 (책 + CD) + 액티비티 가이드북 1권,43400,43400,45
도서/음반,ALL,43,[EBS교육방송]EBS 만점왕 1 2 3 4 5 6 학년 전과목 국사과 세트,30600,30600,0
도서/음반,ALL,44,(카드15%할인)악몽을 먹고 자란 소년좀비아이 세트/봄날의 개/사이코지만 괜찮아 1(대본집)(예약),21600,21600,0
도서/음반,ALL,45,씨투엠에듀 플라토 액트북 Act Book,10800,10800,10
도서/음반,ALL,46,(초등학습_반짝특가) 교과지식그리스로마신화세계의신화 전68권 한국톨스토이 : 초등교과,198560,198560,23
도서/음반,ALL,47,(특가) DK My First busy day Collection / DK My First Collection : 세이펜 7/24 이후 순차출고,241980,241980,23
도서/음반,ALL,48,[아이챌린지]사고셈 특별 패키지 6세/사고셈 특별 패키지 7세/사고셈 특별 패키지 초등1 각 세트별 선택구매,36000,36000,10
가구/침구,ALL,33,1+1 시원한 여름 베개커버/지퍼형/베개/배게/커버/솜,5900,5900,34
가구/침구,ALL,34,1~6인 키높이 접이식테이블 좌식책상 밥상 이반가구01,19800,19800,52
가구/침구,ALL,35,[쁘리엘르]사계절 3중직 암막커튼 창형 중형 아일렛 커텐,16900,16900,65
가구/침구,ALL,36,[까르데코]1+1 암막커튼 속지 아이방/안방/거실 햇빛차단,15800,15800,68
가구/침구,ALL,37,[쁘리엘르]레이스 슬라브 쉬폰 커튼 커텐 나비주름 거실커튼,19900,19900,63
가구/침구,ALL,38,(보드래) 여름 침대커버 누빔매트리스커버 패드 이불,12800,12800,69
가구/침구,ALL,39,[에이블루]커블체어_와이더/컴피 바른자세 허리 교정의자 모음,42900,42900,56
가구/침구,ALL,40,[리브맘]7존 기절 매트리스 침대 접이식 바닥 토퍼 수면매트,29900,29900,69
가구/침구,ALL,41,은남침구2020 여름이불/일본수출 쿨소재/아사면/인견,39500,39500,34
가구/침구,ALL,42,[올리비아데코]여름침구 모음전/패드/인견/시어서커,22900,22900,69
가구/침구,ALL,43,[데일리콤마]디퓨저 본품 100ml 1+1+1+1 / 전성분공개 착한디퓨저,9900,9900,0
가구/침구,ALL,44,뷰하우스 4계절 암막커튼1+1(2장),16900,16900,63
가구/침구,ALL,45,[양키캔들][양키캔들] 라지자 모음전,19500,19500,0
가구/침구,ALL,46,[이모레돌런트]이모레돌런트 디퓨저리필 500ml 1+1+1+1,15900,15900,43
가구/침구,ALL,47,[아이닉스]순면 누빔 침대매트리스커버 침대커버 방수커버 패드,24900,24900,3
식품,ALL,58,[리챔]리챔 200g 15캔,25900,25900,21
식품,ALL,59,[비첸향]미니이지포크 500g MMP500  예약상품 2020.08.06 부터 발송,40020,40020,8
식품,ALL,60,[매일우유]매일 멸균우유 200ml 48팩/우유,24900,24900,10
식품,ALL,61,[립톤]아이스티 패션후르츠 1500g +계량컵증정: 행사특가 ~,6900,6900,46
식품,ALL,62,[GFresh]보쌈무김치 /고기단짝 국내산 보쌈무김치 2kg,11900,11900,33
식품,ALL,63,(전단상품)농협프리미엄_예천일품쌀10KG 포 ,25900,25900,0
식품,ALL,64,쁘띠리얼 구운도너츠40g x25봉,9900,9900,40
식품,ALL,65,[김나운더키친]김나운 떡갈비 명작 18팩/총36장,31900,31900,0
식품,ALL,66,동원 인포켓치즈 10개+10개 총20/모짜렐라치즈/햄/간식,12900,12900,40
식품,ALL,67,도라에몽 초코콘 15gx20개 어린이집 유치원 과자 간식,8900,8900,0
식품,ALL,68,몸에 좋은 국내산 오리롤 250g x 4팩,10900,10900,40
식품,ALL,69,[제주삼다수]제주삼다수 500ml 40병 / 생수전문배송,16600,16600,10
화장품/헤어,ALL,32,[청정미인]히아루론 폼클렌징 500g 1+1+팩10매 대용량 페이셜케어,12900,12900,66
화장품/헤어,ALL,33,[아모스]1+1 아모스 헤어 컬링에센스2x(이엑스) 150mlx2개,17180,17180,0
화장품/헤어,ALL,34,[버츠비]버츠비 레스-큐 오인트먼트 15g 1+1,15900,15900,40
화장품/헤어,ALL,35,[제이준]7월한정 제이준 베스트 마스크팩 균일세일,9900,9900,70
화장품/헤어,ALL,36,[샤워메이트]샤워메이트 내추럴 퍼퓸 바디워시 x3(3종)+증정,9900,9900,15
화장품/헤어,ALL,37,[메디플라워]순한 곡물 마일드 필링젤/클렌징폼 100mlx3개 특가,8500,8500,64
화장품/헤어,ALL,38,[삐아]삐아 라스트 벨벳 립틴트,6000,6000,0
화장품/헤어,ALL,39,유니픽쳐 타투 아이브로우 1+1+눈썹가이드3종 한정특가,10900,10900,69
화장품/헤어,ALL,40,[라벨영]쇼킹 좀싹미스트 3+1증정/발냄새+땀제거,29700,29700,0
화장품/헤어,ALL,41,[프리메라]프리메라 리페어빈 시카 크림 40ml 기획세트,13900,13900,46
화장품/헤어,ALL,42,[실크테라피]오리지널 헤어에센스   용기 150ml x2개+30ml 추가증정,26900,26900,55
화장품/헤어,ALL,43,[피지오겔]피지오겔 DMT 페이셜 크림 150ml,21290,21290,0
화장품/헤어,ALL,44,[아이오페]맨 올데이 퍼펙트 올인원 120ml/주름개선/스킨로션,26600,26600,30
화장품/헤어,ALL,45,[NO.1] 듀이셀 턴온크림 1+1,35150,35150,5
여행,ALL,58,|강원 춘천시| 엘리시안 강촌리조트(강촌/강촌여행/강촌숙소/강촌숙박/단체숙소/야유회/강촌리조트),82210,82210,2
여행,ALL,59,|최대10만원할인|동해 보양온천 컨벤션 호텔(강원 호텔/동해/양양/고성/삼척),51210,51210,1
여행,ALL,60,와이파이도시락 국내데이터 30일동안 매일 3GB(총90GB) / NO약정 기간연장가능 30일렌탈,33000,33000,0
여행,ALL,61,서울/경기/충청  뽀로로파크 1회이용권 (문자티켓),16000,16000,20
여행,ALL,62,(문자발송) 김해 롯데워터파크 클린패스 오후 12시권(7/28~8/16),19900,19900,0
여행,ALL,63,경주월드 8월 자유이용권 종일권/ 오후4시권/ 4시권 소인 기준 (8/1~8/31),20900,20900,0
여행,ALL,64,여수해상케이블카/판타지월드/여수/여수케이블(~8/31),10000,10000,0
여행,ALL,65,|경북나드리| 경주(경주월드+엑스포공원)/얼리버드/당일사용,24000,24000,0
여행,ALL,66,|최대 10만원 할인||경기 호텔| 양평 블룸비스타 (양평),104500,104500,0
여행,ALL,67,"|최대 10만원 할인||전북 호텔| 라마다 전주 (전주,완주)",95000,95000,0
여행,ALL,68,"|최대 10만원 할인||강원 리조트| 메이힐스 리조트 (영월,정선)",60000,60000,0
여행,ALL,69,"|최대 10만원 할인||강원 호텔| 속초 씨크루즈호텔 (속초,양양,고성)",89000,89000,0
여행,ALL,70,|강원 고성군| 설악 썬밸리리조트(고성/속초/강원도리조트/고성여행/속초여행/아이파크/설악산),89600,89600,0
여행,ALL,71,"|최대 10만원 할인||강원 호텔| 속초 썬라이즈 호텔 (속초,양양,고성)",89000,89000,0
컴퓨터/전자,ALL,71,[피스넷]끊김없는 완전무선 블루투스이어폰 피스넷 프리고,49900,49900,4
컴퓨터/전자,ALL,72,[뽀송]최신형 제습기 DO2H160-IWK 16L/빨래건조/운동화건조,369000,369000,0
컴퓨터/전자,ALL,73,[네스카페]돌체구스토캡슐 아메리카노 돌체구스토 캡슐커피,7600,7600,0
컴퓨터/전자,ALL,74,[로지텍]로지텍 코리아 MK270R 무선키보드마우스세트,29900,29900,8
컴퓨터/전자,ALL,75,[네고]강화유리 갤럭시S20 노트10 9 S10 아이폰11프로맥스XS,14900,14900,21
컴퓨터/전자,ALL,76,[뽀송][공식파트너] 2020년형 위닉스 뽀송 제습기 10L DXAE100-JWK,217000,217000,0
컴퓨터/전자,ALL,77,"[히츠](최종289,000원)히츠 건조기 7KG HD-700S 무료배송",299000,299000,7
컴퓨터/전자,ALL,78,[삼성전자]삼성 공식인증 마이크로SD EVO PL MB-MC512HA/KR ED,88960,88960,4
컴퓨터/전자,ALL,79,[뽀송]위닉스 제습기 뽀송 DXAE100-JWK 10리터 / BL,214700,214700,1
컴퓨터/전자,ALL,80,[신일전자][신일] [인기모델]  에어 서큘레이터 블랙(SIF-PC30DCC)+보관파우치,100650,100650,21
컴퓨터/전자,ALL,81,SWITCH 페이퍼 마리오 종이접기 킹 한글판 C,61980,61980,0
패션의류,ALL,15,요즘에 싹쓰리 클리어런스+10%/청바지/반바지/3XL~,9900,9900,69
패션의류,ALL,16,시원하고 세상편한 파자마/국산 프리미엄 나시 속바지,5900,5900,0
패션의류,ALL,17,루나샵 여름신상티셔츠 5900원~ 박스티/원피스/롱티,5900,5900,69
패션의류,ALL,18,49/79균일가 썸머SALE 원피스/팬츠1+1/투피스/스커트,7900,7900,69
패션의류,ALL,19,시크릿라벨 여름신상 블라우스/원피스/티셔츠/루즈핏,20000,20000,0
패션의류,ALL,20,[지오다노]지오다노 신상+시즌오프 팬츠/반팔/반바지 최대할인전,15000,15000,70
패션의류,ALL,21,시크루즈/티셔츠/바캉스룩/SET상품/빅사이즈,6900,6900,70
패션의류,ALL,22,쿨론 티셔츠2900원/아이스팬츠/운동복/헬스/쿨티,2900,2900,69
패션의류,ALL,23,[뱅뱅]뱅뱅인터크루 최대17%/싹쓰리썸머특가/반팔/반바지,8900,8900,69
패션의류,ALL,24,[마르조]마르조 원피스/블라우스/팬츠/린넨/빅사이즈 썸머세일,9900,9900,69
패션의류,ALL,25,수맘 여름 홈웨어 잠옷 파자마 세트 모음,4900,4900,69
패션의류,ALL,26,스위트바니 여름신상5900원~롱원피스/티셔츠/박스티,5900,5900,69
패션의류,ALL,27,[데일리앤]데일리앤 여름신상/반팔티/브이넥/레터링/롱티셔츠,7600,7600,69
패션의류,ALL,28,[게스]22%추가할인  게스 본사 특가 할인전,14000,14000,69
유아동/출산,ALL,13,[케즈](신세계강남점)(5일 썸머 스페셜 세일)20 S/S  케즈 컨템포러리 스프링 컬렉션 스트링 미니 버킷백 17종...,24230,24230,19
유아동/출산,ALL,14,[앤디애플]아동복/상하복/티셔츠/원피스/여름옷/래쉬가드,9900,9900,70
유아동/출산,ALL,15,[베베숲]베베숲 프리미어 물티슈 엠보싱 캡 70매 20팩,27630,27630,0
유아동/출산,ALL,16,[트라이]아동팬티 1+1 총10매 / 런닝 속옷 남아 여아 주니어,6800,6800,69
유아동/출산,ALL,17,[미스터버블]오리지널 버블바스1060ml 펌프+사은품 외 세제 칫솔,14900,14900,69
유아동/출산,ALL,18,[블루독]블루독 티셔츠/반팔티/카라티/원피스/반바지/바지,15000,15000,70
유아동/출산,ALL,19,[젤리스푼]아동복/아동의류/여아원피스/아동수영복/실내복,7900,7900,69
유아동/출산,ALL,20,(예약판매/8월20일발송)큰별 쌤 최태성의 한국사 수호대 전7권,71000,71000,7
유아동/출산,ALL,21,[릴리유]릴리유 퓨어퍼플 물티슈 캡72매X10팩(1BOX),16900,16900,52
유아동/출산,ALL,22,어스본 초등학생이 알아야 할 100가지 세트 (전11종),149000,149000,9
유아동/출산,ALL,23,[팸퍼스]팸퍼스 베이비드라이 5단계 팬티형 기저귀 36p x 4팩,60900,60900,0
유아동/출산,ALL,24,[네파키즈]여름특집 유아동 의류 래쉬가드 잡화 모음_NK99C086,20000,20000,69
유아동/출산,ALL,25,[팬콧]팬콧 남녀 반팔/티셔츠/팬츠 시즌오프,8900,8900,69
신발/잡화,ALL,19,[월드컵]남성 여성 아동 아쿠아슈즈 슬리퍼 샌들 운동화 뮬,7900,7900,69
신발/잡화,ALL,20,슈마레 소가죽 펀칭 펌프스 샌들,27310,27310,8
신발/잡화,ALL,21,기라로쉬 3단 완전자동우산 [바이어스7K-70061],8400,8400,20
신발/잡화,ALL,22,탑모델 플랫/슬리퍼/슬링백/쪼리/샌들/블로퍼스퀘어뮬,8800,8800,67
신발/잡화,ALL,23,[크록스]크록스 BEST 18~20% 쿠폰 27일부터 다운로드(G200727),24900,24900,70
신발/잡화,ALL,24,단골언니 여성 여름 샌들/플랫/스트랩/웨지/슬리퍼,14800,14800,26
신발/잡화,ALL,25,[별이랑] 24k 순금돌반지 best 01(5종 택1) 3.75g,346280,346280,4
신발/잡화,ALL,26,[엘칸토]엘칸토 20SS 남녀 여름 신상 샌들 세일 뮬 외,38900,38900,69
신발/잡화,ALL,27,[랩](랩 LAP)(NEW)나일론 복조리백 (AL1AB272),41540,41540,11
신발/잡화,ALL,28,BT21 정품 신상 베베/페니/POP/페이스/패턴/ 슬리퍼,8900,8900,69
신발/잡화,ALL,29,[페이퍼플레인]여성 레인부츠 장화 여름부츠 신발 방수부츠 레인슈즈,17800,17800,69
신발/잡화,ALL,30,브루마스 국내생산 천연양가죽 토오픈 샌들,59000,59000,0
스포츠/자동차,ALL,39,[모다아울렛]아디다스 성인/아동 인기 의류/슈즈,18960,18960,20
스포츠/자동차,ALL,40,[아디다스] 아디다스 인기상품 대방출 팔콘/팀코트 외 18종 특가,36270,36270,7
스포츠/자동차,ALL,41,[아디다스](신세계경기점)[SWIM/RUNNING] 슬라이드/스니커즈/런닝화 (FZ0388 FZ0387 FV0741 FV7034 FV7031 EH1859 ...,38180,38180,22
스포츠/자동차,ALL,42,[리복]피한런 4.0,29000,29000,0
스포츠/자동차,ALL,43,[로티캠프]원터치 사각 텐트 4인용 캠핑 용품 낚시 그늘막,84900,84900,0
스포츠/자동차,ALL,44,[뉴발란스]뉴발란스 다운/백팩/트레이닝/러닝화 상설 기획전,98900,98900,0
스포츠/자동차,ALL,45,[콜핑]3900원 여름 특가 티셔츠/바지 세일전,19000,19000,50
스포츠/자동차,ALL,46,[아쿠런]아쿠아슈즈 아쿠런 7월 이벤트 슈즈파우치 증정,18560,18560,22
스포츠/자동차,ALL,47,[헤링본]커플 래쉬가드 빅사이즈 비치웨어 반바지 수영복 세트,26900,26900,10
스포츠/자동차,ALL,48,[르까프]르까프 남성 에어쿨 데일리 티셔츠+하프팬츠 총 5종,39000,39000,0
스포츠/자동차,ALL,49,[리복]리복본사로얄 브릿지 3.0 /DV8335,31600,31600,0
스포츠/자동차,ALL,50,[패스트캠프]원터치자동텐트 오토6 육각텐트,64310,64310,7
스포츠/자동차,ALL,51,[BUCK703]20%+10%추가 할인 버팔로 구명조끼外/비치타올/튜브,24210,24210,67
스포츠/자동차,ALL,52,[리복]리복본사DMX 시리즈 2200 /EF7726,79000,79000,0
스포츠/자동차,ALL,53,KC안전인증 국산 구명조끼 S사이즈 외 유아/아동/성인,9900,9900,61
스포츠/자동차,ALL,54,15000 키즈구조대 불빛멜로디 입체우산 (LED 안전우산),8500,8500,0
생활/주방/건강,ALL,36,국내생산 3중 마스크  50매 멜트블로운 일회용마스크,11500,11500,23
생활/주방/건강,ALL,37,업계를 리드하는 기업 3SK택배박스,28600,28600,9
생활/주방/건강,ALL,38,[미마마스크]SNS 입소문 (100% 국내 생산 무중력 마스크) 미마 보건용 KF94 마스크 화이트 50매,69900,69900,1
생활/주방/건강,ALL,39,NEW땡큐 화장지 (30롤 x 2팩) / 3겹 두루마리 휴지,9500,9500,68
생활/주방/건강,ALL,40,1+1 방충망먼지제거기/방충망/방충망청소/,7900,7900,0
생활/주방/건강,ALL,41,[2080]2080 히말라야 마운틴솔트 치약 120gx8개(핑4크4)+증정,8900,8900,15
생활/주방/건강,ALL,42,kf94 마스크 블랙 대형 합리적인 비말차단 국내산 40매,39500,39500,10
생활/주방/건강,ALL,43,[퓨어시스]국산 덴탈 마스크 50매 여름 비말 차단 일회용 KF94,15900,15900,0
생활/주방/건강,ALL,44,무형광 미쁘 핸드타올  2겹5000매 페이퍼타올 핸드타월,20200,20200,0
생활/주방/건강,ALL,45,국산 KF-AD 비말차단 일회용 덴탈마스크 대형 50매,24000,24000,0
생활/주방/건강,ALL,46,[페브리즈]샘플링이벤트/페브리즈 화장실용 6ml 1+1 비누+라벤더,13000,13000,0
도서/음반,ALL,49,(중복할인+사은품) 창의력 사고력 수학 팩토 소마셈 킨더 키즈 팩토슐레 초등문제집,47600,47600,50
도서/음반,ALL,50,비상교육  기똥찬 남매의 어쩌다 과학모험 시리즈 (전12권),124270,124270,5
도서/음반,ALL,51,게임보이 컴플리트 가이드 - 세계에서 가장 많이 판매된 휴대용 게임기의 모든 것 ,19800,19800,0
도서/음반,ALL,52,스콜라스틱 리딩라인 모음전1,109000,109000,41
도서/음반,ALL,53,(세트/애플특전+앨범3종+포스터3장+지관통증정) 에이티즈 (ATEEZ) - ZERO : FEVER Part.1 (미니앨범 5집),41400,41400,0
도서/음반,ALL,54,(대교소빅스) 똑똑한 꼬마박사 키디독 열고 돌리고 펼쳐봐,69000,69000,54
도서/음반,ALL,55,NEW 기초잡는 수학동화 세트 (전10권)_쑥샘NEW 기초잡는 수학동화 세트 (전10권)_쑥샘TV,99000,99000,10
도서/음반,ALL,56,(세계문화전집-특가) 2020 개정신판 와우월드좋은친구 총69종 세트 : 세이펜별매,212700,212700,10
도서/음반,ALL,57,JYBOOKS 또보는 노부영 동영상 OTG 메모리(16G),78000,78000,35
도서/음반,ALL,58,(애플비)사운드토이북 베스트 15종 / 한글버스 시계놀이 드릴놀이 드림카,24500,24500,30
도서/음반,ALL,59,(신나라특전) 스트레이 키즈 (Stray Kids) - Stay In Playground (2nd Photobook),44000,44000,0
도서/음반,ALL,60,노부영 런투리드 OTG 메모리 (16GB),165000,165000,0
도서/음반,ALL,61,건강한 책밥 단행본 골라담기,13000,13000,0
도서/음반,ALL,62,쿠폰할인+사은품) 2020년도 1 2 학기 디딤돌 초등 수학 기본 원리 응용 연산 문제유형 최상위 S 문제집,11700,11700,0
가구/침구,ALL,48,숨쉬는 침대 매트리스 깔판 높낮이 선택 슈퍼싱글 퀸,22530,22530,9
가구/침구,ALL,49,[바이빔]바이빔 3단 접이식 매트리스  퀸,108900,108900,0
가구/침구,ALL,50,[에이블루]NEW 커블체어 컴피 바른자세 교정의자 등쿠션,42900,42900,18
가구/침구,ALL,51,DIY 액자형 비즈 보석십자수 명화그리기 그림 유화,15800,15800,0
가구/침구,ALL,52,바오 1인용 컴퓨터책상 학생 일자형 좌식책상무료배송,24900,24900,7
가구/침구,ALL,53,홈바의자/아일랜드/식탁/ 바/빠텐/인테리어/스툴/바텐,27300,27300,0
가구/침구,ALL,54,시원한 쿨잠 여름 소재 홑이불 냉감/시어서커,15900,15900,69
가구/침구,ALL,55,철제 이동식 트롤리 3단 선반 이동식수납장 기저귀함,24200,24200,6
가구/침구,ALL,56,[센스맘]센스맘 에어매트리스 9존 12cm 퀸(Q),114030,114030,4
가구/침구,ALL,57,[아트홀릭]액자형 DIY 보석십자수 액자 비즈 유화 명화그리기,18700,18700,15
가구/침구,ALL,58,led 방등 거실등 등 기구 형광등 조명 LG,16400,16400,60
가구/침구,ALL,59,냉감 여름 침대매트리스커버 알러지케어/순면/극세사,9900,9900,70
가구/침구,ALL,60,제이준리빙 홑겹이불 베개커버세트,15900,15900,59
가구/침구,ALL,61,[잠스쿨]떡실신 매트리스 침대 바닥 토퍼 싱글/퀸/접이식/마약,49000,49000,38
가구/침구,ALL,62,쿨링 인견 토퍼 1+1 (슈퍼싱글/퀸/킹),39900,39900,69
가구/침구,ALL,63,박세리식탁 키높이밥상/교자상/접이식테이블/좌식책상,37360,37360,30
식품,ALL,70,영광군농협/ 19년산 해뜨지 신동진쌀 20kg/상등급,54900,54900,0
식품,ALL,71,[동원에프앤비]동원 샘물 2L x9병 x3팩 (총27병) /생수/음료수,12500,12500,10
식품,ALL,72,밥상마루 100% 참기름 350ml + 들기름 350ml,18900,18900,0
식품,ALL,73,재래도시락김16봉 x3개총48봉 2개이상 구매시 추가증정,11090,11090,21
식품,ALL,74,[웅진]빅토리아 탄산수 탄산음료 500ml 350ml캔 2박스,17900,17900,21
식품,ALL,75,스타필드 입점 하남쭈꾸미 500g 보통맛 2팩+매운맛 2팩,39510,39510,0
식품,ALL,76,[맥심]맥심 화이트 골드 커피믹스 320T : 커피는 맥심 ~,32900,32900,20
식품,ALL,77,[떡보의하루]영양찰떡40개 45gX40개 아침식사대용 답례떡 떡,29900,29900,11
식품,ALL,78,[백산수]백산수 2L 24병/생수전문배송,19600,19600,10
식품,ALL,79,태안 안면도 활 참바지락 (왕) 1Kg / 90미 내외,9900,9900,37
식품,ALL,80,[CJ] 비비고 왕교자 1.05kgx4봉 + 찐만두 168g 증정,25800,25800,0
식품,ALL,81,[사조해표]사조 해바라기유 900ml x4병,12400,12400,41
화장품/헤어,ALL,46,[리코셀]1일1팩 네이처 촉촉 순한 마스크팩 23ml 총 100장,15900,15900,20
화장품/헤어,ALL,47,10초 새치커버 라피타 타투 헤어틴트 NO염색약,22900,22900,0
화장품/헤어,ALL,48,[미쟝센]NEW 미쟝센 퍼펙트 세럼 80ml 2+2 (옵션),26900,26900,32
화장품/헤어,ALL,49,[헤드앤숄더]헤드앤숄더 쿨 멘솔 샴푸 850ml 2개 + 증정,17170,17170,38
화장품/헤어,ALL,50,[닥터포헤어]닥터포헤어 폴리젠 플러스 샴푸 500ml 2개 + 200ml,31680,31680,1
화장품/헤어,ALL,51,[라벨영]호랑이 비누 1+1 /여.드름+흉터+좁쌀 제거/병풀추출물,9900,9900,0
화장품/헤어,ALL,52,이니스프리 7월 마스카라 1+1 외 화산송이 특별전,14000,14000,30
화장품/헤어,ALL,53,(말콤) 4+1 / 말콤샴푸 트리트먼트 워시 클렌징폼,8900,8900,0
화장품/헤어,ALL,54,[한스킨](17%쿠폰) 온라인전용 신상 외 베스트 75% 할인+증정,12900,12900,46
화장품/헤어,ALL,55,[휴족시간]쿨링시트 6매입 x10개+젤시트4매입 증정/ 휴가필수품,24500,24500,23
화장품/헤어,ALL,56,[티에스]올뉴플러스TS샴푸(500mlx2)뉴프리미엄샴푸/TS쿨샴푸,31800,31800,0
화장품/헤어,ALL,57,[해피바스]오늘하루 아모레퍼시픽 데일리뷰티 특가,10900,10900,52
화장품/헤어,ALL,58,[에뛰드하우스]UP TO 50% 핫태 핫템 특가전,14400,14400,10
화장품/헤어,ALL,59,[아이오페]더마 리페어 시카크림 50ml/피부진정 저자극/수분크림,22400,22400,30
화장품/헤어,ALL,60,[라벨영]쇼킹사과초클렌저 1+1+1/개기름+피지+블랙헤드 제거,19900,19900,0
여행,ALL,72,제주 아쿠아플라넷 입장권/ 제주도 아쿠아리움/국내최대아쿠아리움,12000,12000,0
여행,ALL,73,(10%카드할인)(당일사용불가/문자발송) 제천 해브나인스파 종일권(7/25~8/16)/리솜스파/제천스파,30900,30900,43
여행,ALL,74,|최대10만원할인|켄싱턴 리조트 서귀포(제주 호텔/서귀포/서귀포시/중문/표선/성산),83300,83300,2
여행,ALL,75,코엑스아쿠아리움 8월 입장권(코엑스 아쿠아리움/아쿠아리움/코엑스/삼성/서울),19900,19900,17
여행,ALL,76,"|최대 10만원 할인||부산 호텔| 라마다 앙코르 바이 윈덤 부산 해운대 (해운대,센텀시티,재송)",67200,67200,0
여행,ALL,77,|최대10만원할인|평창 라마다 호텔&스위트 바이 윈덤(강원 호텔/평창/정선/횡성),82320,82320,2
여행,ALL,78,|최대10만원할인|힐튼 부산(부산 호텔/기장/광안리),474320,474320,2
여행,ALL,79,|부산 서구| 베스트웨스턴플러스 부산 송도(송도해수욕장/부산송도호텔/베스트웨스턴송도),66000,66000,0
여행,ALL,80,"|최대 10만원 할인||강원 리조트| 소노벨 비발디파크 B · C (구 대명리조트 오크 · 파인) (홍천,횡성)",94000,94000,0
여행,ALL,81,"|최대 10만원 할인||인천 호텔| 파라다이스호텔&리조트,파라다이스시티 (인천공항,을왕리)",264000,264000,0
여행,ALL,82,"|최대10만원할인|이비스 버젯 앰배서더 해운대(부산 호텔/해운대/해운대 (센텀,송정))",44000,44000,0
여행,ALL,83,(이용1일전구매필수) 평창 대관령 삼양목장 (대관령/드라마촬영지/체험학습/가족여행/테마여행),7200,7200,10
컴퓨터/전자,ALL,82,쿠진 나이프케어i 살균건조기 + 칼가위4종 풀세트,146100,146100,13
컴퓨터/전자,ALL,83,대웅 가정용 스탠드선풍기  신제품출시_3978,22910,22910,7
컴퓨터/전자,ALL,84,컴퓨존 AMD 라이젠 5 3600 마티스 쿨러포함 정품,269270,269270,1
컴퓨터/전자,ALL,85,[샤오미]샤오미 미밴드5 AMOLED 2020신상 표준버전 글로벌 블랙,41800,41800,19
컴퓨터/전자,ALL,86,갤럭시 S20 노트10 5G/노트9/8/S10/S9/S8/폰케이스,19900,19900,17
컴퓨터/전자,ALL,87,[아이디어패드]SLIM3-15ARE R3 그레이/ R3-4300U/ 램4G증정(동봉),459000,459000,6
컴퓨터/전자,ALL,88,한일전기 DCF-710R 부드러운 7엽 DC모터 리모콘선풍기,79900,79900,0
컴퓨터/전자,ALL,89,2020최신 QCY T5S 블루투스 이어폰 페어링팝업창착용,27600,27600,0
컴퓨터/전자,ALL,90,[샤오미]샤오미 미밴드5 개봉 후 한글판 /미밴드5 한글판,45900,45900,0
컴퓨터/전자,ALL,91,쿠진 쿠진 나이프케어 살균건조기 풀세트(시즌2),144310,144310,14
컴퓨터/전자,ALL,92,[한일전기]만능 미니탈수기 짤순이 W-110,56730,56730,5
컴퓨터/전자,ALL,93,인증점 갤럭시 버즈플러스 BTS 에디션/SM-R175,220000,220000,0
패션의류,ALL,29,글램공감/브라1+팬티2/속옷세트/빅사이즈/여성속옷,6900,6900,70
패션의류,ALL,30,[에디션앤드지](에디션앤드지) 이진욱 몽골피에 구스다운 롱패딩 3종택1 NEZ4FP1902,62410,62410,21
패션의류,ALL,31,시크루즈/원피스/바캉스룩/SET상품/빅사이즈,12900,12900,70
패션의류,ALL,32,티메이 여름신상 트레이닝세트 운동복세트 상하세트,10900,10900,69
패션의류,ALL,33,비니수 기획특가 여름신상모음전,3900,3900,69
패션의류,ALL,34,쿨썸머특가 여름가디건 루즈핏 롱가디건 여성 시스루,9900,9900,69
패션의류,ALL,35,[폴로랄프로렌]폴로랄프로렌 남녀공용 베이직로고 반팔티셔츠,31620,31620,0
패션의류,ALL,36,~99사이즈 빅사이즈 린넨팬츠 4종세트+벨트,26910,26910,70
패션의류,ALL,37,제니트 여름BEST 싹쓰리 썸머룩 데일리 루즈핏 니트,9900,9900,0
패션의류,ALL,38,1+1심리스브라/5장세트 심리스팬티 여성팬티 여성속옷,5900,5900,69
패션의류,ALL,39,[지오다노]지오다노 썸머시즌오프 반팔/반바지/팬츠 최대80%OFF,15000,15000,70
패션의류,ALL,40,[라코스테]라코스테 미니 피케 원피스 5종 택1 (EF8470),64990,64990,2
패션의류,ALL,41,[클라이드앤]사은품증정/클라이드앤 현아 추천 썸머 시즌오프,13000,13000,69
패션의류,ALL,42,[트라이]여성팬티5매/여자/여성/속옷/미디/맥시/위생/삼각/면,9900,9900,70
패션의류,ALL,43,이프지 남여공용 티셔츠 빅사이즈 롱 루즈핏 반팔티,7900,7900,69
패션의류,ALL,44,{니트모아} 롱가디건/니트/빅사이즈/시스루/썬가드,9900,9900,69
유아동/출산,ALL,26,[베비언스]베비언스 킨더밀쉬 1단계 200ml 24입,31900,31900,0
유아동/출산,ALL,27,[비바텍]비바텍 럭스360칫솔 스탭_1단계  3P_6단칫솔(4~24개월),18900,18900,70
유아동/출산,ALL,28,[해즈브로]플레이도우 클래식 칼라도우 20팩 1+1 장난감 클레이,39900,39900,0
유아동/출산,ALL,29,[팸퍼스]팸퍼스 베이비드라이 6단계 팬티형 기저귀 28p x 4팩,60900,60900,0
유아동/출산,ALL,30,[하기스]매직팬티/밴드/맥스드라이/네이처/보송/기저귀,39900,39900,0
유아동/출산,ALL,31,블랑슈 센시티브 아기물티슈 캡형 100매x10팩,13750,13750,50
유아동/출산,ALL,32,[아디다스키즈]갤러리아  아디다스키즈 텐저러C EF1092,29160,29160,14
유아동/출산,ALL,33,[스와들업] 신생아 속싸개 뱀부라이트 - 여름속싸개,41900,41900,38
유아동/출산,ALL,34,[미스터버블]폼솝 2종 거품비누 목욕놀이 버블폼 솜사탕+오렌지+증,21900,21900,70
유아동/출산,ALL,35,[월튼키즈]월튼키즈/최대쿠폰12%/아동복SALE/클리어런스,6900,6900,70
유아동/출산,ALL,36,[멜리사][미니멜리사] 지그재그/울트라걸/스위트러브 아동구두 택일,19900,19900,0
신발/잡화,ALL,31,Gotivathy 대형 3단 완자동우산 의전 2인용우산,21000,21000,19
신발/잡화,ALL,32,[휠라] FILA 오크먼트 OAKMONT TR 3종 택1 남녀공용 운동화 스니커즈 어글리슈즈 (1JM00801),45890,45890,0
신발/잡화,ALL,33,팀버랜드  SS 시즌오프 슈즈/의류/가방 外,39000,39000,70
신발/잡화,ALL,34,14K 피어싱 (Gold-Pin) 1+1 외 쥬얼리 모음전,9900,9900,69
신발/잡화,ALL,35,[슈스토리]DFD 소다그룹 남여화 50종택1,49000,49000,50
신발/잡화,ALL,36,[케이스위스]케이스위스 K-SWISS 여름 트랙수트 4종_남성용,38900,38900,2
신발/잡화,ALL,37,판매1위 여름 신상 은침귀걸이 롱 드롭 링 큐빅 세트,3900,3900,69
신발/잡화,ALL,38,[반스]반스 클래식 슬립온 뮬 VN0004KTEO1,53270,53270,0
신발/잡화,ALL,39,[크록스]크록스/슬리퍼/샌들/지비츠/크록밴드/클래식/쪼리,29800,29800,0
신발/잡화,ALL,40,[에버라스트]에버라스트 엘리 여성가방 4종,55050,55050,6
신발/잡화,ALL,41,[플로쥬] 리브샌들+엠보슬리퍼 (2종),37050,37050,5
신발/잡화,ALL,42,2세트행사 12종 머리끈세트 헤어끈,4500,4500,0
신발/잡화,ALL,43,국산 10켤레 남자양말 패션 발목 덧신 중목 정장 여름,6400,6400,1
스포츠/자동차,ALL,55,[나이키]시즌SALE 나이키/아디다스 반팔 반바지 50종,14900,14900,66
스포츠/자동차,ALL,56,[BUFFALO](현대Hmall)[오후5시 택배마감] 1+1 버팔로 구명조끼 (블랙),38900,38900,0
스포츠/자동차,ALL,57,[베스트웨이]물놀이 베스트웨이 튜브 풀장 물놀이용품전,32900,32900,50
스포츠/자동차,ALL,58,[블랙야크]블랙야크 등산룩 티셔츠/팬츠/역시즌 아우터 외,39600,39600,41
스포츠/자동차,ALL,59,샤오미 미자아 휴대용 공기 펌핑기/에어펌프/공기펌프,36900,36900,0
스포츠/자동차,ALL,60,[밸롭]물놀이 워터슈즈/남성/여성/아동 아쿠아슈즈,9900,9900,60
스포츠/자동차,ALL,61,[안다르]20%+10% 안다르 시즌오프 Vol.1,23900,23900,38
스포츠/자동차,ALL,62,[크록스]크록스 라이트라이드 클로그 블랙슬레이트 204592-0DD,41900,41900,0
스포츠/자동차,ALL,63,[훠링]2개1세트/ NCR 퓨전X501 하이브리드 자동차 와이퍼,19800,19800,16
스포츠/자동차,ALL,64,써니워터 투명 유리 보트 2인용 물놀이보트 투명보트,32580,32580,0
스포츠/자동차,ALL,65,[엠피온]엠피온 SET-525 무선하이패스 태양광충전 거치대포함,50900,50900,53
스포츠/자동차,ALL,66,[크록스]크록스 라이트라이드 7종 컬러,38710,38710,0
스포츠/자동차,ALL,67,(스코트라(SCOTRA)) [스코트라] 구명조끼 부력보조복  수영보조용품 아동 성인용 라이프자켓 워터파크 A...,45900,45900,15
스포츠/자동차,ALL,68,[크록스][크록스]2020 크록 밴드/바야 밴드 성인용 12종 (11016/205089),28580,28580,4
스포츠/자동차,ALL,69,CAMP21렉타타프(대형) 그늘막텐트 방수천막 사각타프,69210,69210,0
생활/주방/건강,ALL,47,[릴리유]릴리유 퓨어퍼플 물티슈 캡72매X10팩(1BOX),16900,16900,52
생활/주방/건강,ALL,48,국내산 비말차단마스크 흰색(대형) KF-AD 30매,20900,20900,0
생활/주방/건강,ALL,49,[살림백서]NEW 배수구 클리너 100g x 9개 블루 싱크대 세정제,10000,10000,66
생활/주방/건강,ALL,50,[에코후레쉬]세탁조클리너 100g x 9개_곰팡이세균 99.9% 제거,10000,10000,66
생활/주방/건강,ALL,51,KF94 마스크 50매 식약처인증 국산 황사 방역 마스크 휴안청플러스 (plus_1ea_0507),40000,40000,0
생활/주방/건강,ALL,52,마스크 꼼짝마스크 50매 KF94 황사 미세먼지 필터 대 a,69800,69800,0
생활/주방/건강,ALL,53,[모나리자]모나리자 미용티슈 250매 3입 4개 총12개 각티슈 휴지,15900,15900,0
생활/주방/건강,ALL,54,바이린 글로벌1위 일회용 3D마스크 5장 1세트,4900,4900,0
생활/주방/건강,ALL,55,블랑슈 센시티브 아기물티슈 캡형 100매x10팩,13750,13750,50
생활/주방/건강,ALL,56,휴그린 코오롱제약 휴그린 비말차단 마스크 (KF-AD),46900,46900,2
생활/주방/건강,ALL,57,[테크액체세제]테크 파워액체세제 대용량 8L (일반/드럼겸용),11900,11900,20
생활/주방/건강,ALL,58,[리벤스]빨래바구니 스윙 3단,27900,27900,6
생활/주방/건강,ALL,59,콩나물 재배기 집콕템 콩나물재배기+국산콩증정,5900,5900,7
도서/음반,ALL,63,키움북스 - 마우스 매스 한글판/영어판 (전10권),34000,34000,0
도서/음반,ALL,64,8월 잡지 (2020) 얼루어 싱글즈 엘르 보그 바자 W 마리끌레르 코스모폴리탄 지큐 아레나옴므 맵스 데이즈드,6500,6500,0
도서/음반,ALL,65,쿠폰할인+선물) 2020년 1 2학기 디딤돌 초등 기본 원리 응용 문제유형 최상위S 수학 국어 3 4 5 6 편,11700,11700,0
도서/음반,ALL,66,키움북스 - 행복한 안전동화 (전20권),71280,71280,10
도서/음반,ALL,67,(베스트위인전-특가) 톨스토이 뉴통큰인물이야기 전100권세트 : 리뉴얼출시 세이펜버전(별매) 위인전집,285000,285000,38
도서/음반,ALL,68,(블루앤트리) 세쌍둥이 시리즈 + 디지털북 (선택구매)(전원선물: 말하는 세이펜 차트 3장),33000,33000,0
도서/음반,ALL,69,유아동 수준별 다개국어 리더스/Spring Into Reading 픽션/영어/중국어/스페인어,63800,63800,50
도서/음반,ALL,70,키즈엠 부엉이 북클럽 5호(1개월) 4~7세 연령별 선택구매,61420,61420,23
도서/음반,ALL,71,(도치맘) 아서 어드벤쳐 세이펜 버전 21종 (Paperback + Mp3 CD),138000,138000,45
도서/음반,ALL,72,(프뢰벨가족) 가족과 함께 세계여행을 떠나요 /세계1/세계2/지구/유럽/축제,50400,50400,10
도서/음반,ALL,73,만점왕 / 동아전과 (사은품특별판) 2학기,30150,30150,0
도서/음반,ALL,74,아이유 (IU) - 2019 IU Tour Concert [Love  poem] in Seoul Blu-ray  아이유,58700,58700,0
도서/음반,ALL,75,[버니북스]동화도서관 960편 한글 영어 생활 명작 전래 수학 창작 위인 (스마트폰용 한글/영어),49000,49000,50
도서/음반,ALL,76,2.미국시리즈 강의이벤트 FULL (RFV+RFV PLUS+ATR)+단어장,144000,144000,10
도서/음반,ALL,77,[동아출판]7세 초능력 한글 /한글쓰기/도형 비교 시계 규칙/창의력 집중력/덧셈 뺄셈 각 2권세트 선택구매,21420,21420,15
가구/침구,ALL,64,(보드래) 시원한 여름이불 / 여름이불세트,9900,9900,69
가구/침구,ALL,65,[하이홈테크]반짝특가 인테리어 단열벽지 20/30M 접착식,25500,25500,66
가구/침구,ALL,66,[이노하우스]사계절 접착식 단열벽지 30/20M 정품 보냉 시트지,24650,24650,71
가구/침구,ALL,67,HJC체어 편한 사무용 책상 컴퓨터 의자,54280,54280,12
가구/침구,ALL,68,(현대Hmall)[Hmall x UFO] 캠퍼필드 코코 폴딩박스 캠핑테이블 포켓세트,26700,26700,6
가구/침구,ALL,69,[듀오백]DK 922 패브릭 좌식의자 폴딩형 본사직영,43250,43250,0
가구/침구,ALL,70,[쁘리엘르](1+1)스프레드 이불겸패드/베개커버,21900,21900,59
가구/침구,ALL,71,방수 매트리스커버/순면 침대커버/매트리스 방수커버,10580,10580,66
가구/침구,ALL,72,[양키캔들](전구2개)캔들워머(빛조절)/양키캔들/우드윅/향초,19900,19900,66
가구/침구,ALL,73,[나노도깨비겔]테이프 22종세트,29800,29800,0
가구/침구,ALL,74,[이블랑]시어서커/인견/60수 아사/모달와플/피그먼트 여름침구,35550,35550,0
가구/침구,ALL,75,[굿몽]국산 여름 마이크로 순면 고정밴딩 침대패드 패드,16900,16900,6
가구/침구,ALL,76,[네모라인]1+1 꿀잠베개 마이크로화이바 다운필100% 베개솜/경추,15900,15900,38
식품,ALL,82,[프렌치카페]카페믹스/믹스커피/ 프렌치카페 커피믹스 300T+믹스10T,28690,28690,10
식품,ALL,83,[웅진]빅토리아 레몬 500ml x 40개입,17900,17900,17
식품,ALL,84,[스타벅스]컵커피 스키니라떼 200mlX10컵 X우드트레이+전용포장,24900,24900,0
식품,ALL,85,[동원참치]라이트 스탠다드 참치 100g 15캔 원터치,17500,17500,23
식품,ALL,86,코카콜라_캠핑쿨러팩_350MLx12,15900,15900,0
식품,ALL,87,옥주부 생선까스 6팩 +새우까스 3팩 +소스,32310,32310,10
식품,ALL,88,[매일우유]멸균우유 200ml 24팩 /우유/매일/음료/박스포장,13900,13900,10
식품,ALL,89,(현대Hmall)[냉동마트]매일 상하 아기치즈 100매 /어린이치즈,24500,24500,0
식품,ALL,90,[순수식품]진짜 석류 콜라겐 젤리 스틱 3박스(45포) 300달톤,25900,25900,50
식품,ALL,91,코카콜라제로 190ml x 60CAN,28900,28900,9
식품,ALL,92,석쇠닭갈비 300g 5팩 집에서 먹는 바삭촉촉 치킨,28900,28900,30
화장품/헤어,ALL,61,[라네즈]네오 쿠션 글로우15G/24시간모공커버/쿠션팩트,21250,21250,15
화장품/헤어,ALL,62,[케라시스]케라시스 대용량 샴푸/린스/바디워시 4000mlx2개,19900,19900,15
화장품/헤어,ALL,63,로레알 에르네뜨 스프레이 500ml 헤어스프레이,10400,10400,0
화장품/헤어,ALL,64,[TS탈모샴푸]올뉴플러스 티에스 샴푸구성(TS샴푸500gx4개 100gx4개 6gx4개),71910,71910,10
화장품/헤어,ALL,65,[코리아나](12%중복쿠폰) 앰플엔 싹쓰리 여름 빅세일 SALE,13900,13900,69
화장품/헤어,ALL,66,[실크테라피][실크테라피] 오리지널 헤어에센스 최대용량 특집 (총용량 910ml),59820,59820,14
화장품/헤어,ALL,67,[비오템옴므](신세계강남점)[HOT] 아쿠아파워 올인원 프레시 로션-인-젤 200ml 세트,45400,45400,12
화장품/헤어,ALL,68,[헤라 옴므]헤라 옴므 블랙 퍼펙트 2종 세트,58410,58410,1
화장품/헤어,ALL,69,[헤드앤숄더]헤드앤숄더 가려운두피 샴푸 850ml 2개 + 증정,17170,17170,38
화장품/헤어,ALL,70,[팬틴]팬틴 극손상케어 트리트먼트 220ml 3개,14960,14960,20
화장품/헤어,ALL,71,[엠도씨]화이트닝 스킨 플러스 로션/올인원/남성미백 스킨로션,23000,23000,0
화장품/헤어,ALL,72,[빌리프]4+1 AHC 타임 리와인드 아이크림 포페이스 시즌 8 30ml 4개 + 12ml,26700,26700,4
화장품/헤어,ALL,73,[더샘]더샘 BEST 상품 50% 할인 + 중복쿠폰 20% + 사은품,12000,12000,20
화장품/헤어,ALL,74,[백옥생]썬크림 3개/SPF50+ PA+++ 미백+주름+자외선 3중기능성,9900,9900,67
화장품/헤어,ALL,75,[케라시스]케라시스 퍼퓸 샴푸/린스  러블리x5개(샴3+린2)+사은품,16900,16900,15
여행,ALL,84,석정온천휴스파 스파+온천 이용권 (~8/16까지)/온천/웰파크시티,21000,21000,40
여행,ALL,85,|최대 10만원 할인||제주 호텔| 휘슬락 호텔 (제주시),74000,74000,0
여행,ALL,86,|최대 10만원 할인||전남 호텔| 여수 베네치아 호텔 앤리조트 (여수),201600,201600,0
여행,ALL,87,(문자발송/당일사용가능) 롯데월드 서울스카이 전망대 이용권(7/1~8/2),19000,19000,29
여행,ALL,88,원마운트 워터파크 성수기 입장권 (7/27~8/17),23900,23900,0
여행,ALL,89,잭슨나인스 세종점/세종키즈카페/실내놀이터/놀이터/키즈파크/세종놀이동산/세종가볼만한곳,12900,12900,0
여행,ALL,90,|최대 10만원 할인||제주 호텔| 아트스테이 서귀포 하버 (서귀포시),45000,45000,0
여행,ALL,91,"|최대 10만원 할인||경기 호텔| 이천 미란다 호텔 (하남,광주,여주,이천)",64900,64900,0
여행,ALL,92,|최대 10만원 할인||제주 호텔| 제주 부영호텔&리조트 (서귀포시),77000,77000,0
여행,ALL,93,|경북| 울릉도 독도 2박3일(2020.7~11월) / 강릉묵호항 집결/왕복셔틀(선택)/특식/울릉도여행/서울경기出,229000,229000,0
여행,ALL,94,신북온천 스프링폴/워터파크/온천/스파(~08.09),19500,19500,0
여행,ALL,95,[대명리조트](문자발송)강원 홍천 소노벨 비발디파크 객실+오션월드 2인+조식 2인+부대시설 이용권,98900,98900,1
컴퓨터/전자,ALL,94,[브라운]브라운 전기면도기 시리즈9 9355s Thank you 패키지,244000,244000,15
컴퓨터/전자,ALL,95,[삼성전자]제트2.0 VS15R8577S5CW 청정스테이션,749000,749000,18
컴퓨터/전자,ALL,96,[삼성전자]인증점 갤럭시 버즈 플러스 블루투스이어폰/SM-R175,128500,128500,6
컴퓨터/전자,ALL,97,샤오미 최신초음파세척기 안경악세사리세척기 Dr.Ozawa,26700,26700,0
컴퓨터/전자,ALL,98,[삼성전자]삼성 공식인증 마이크로SD EVO PL MB-MC256HA/KR ED,39960,39960,3
컴퓨터/전자,ALL,99,[샤오미]샤오미 Zanjia 핸디형 휴대용 스팀 다리미,21600,21600,0
컴퓨터/전자,ALL,100,갤럭시탭A 8.0 (2019) LTE 32G/사은품/당일출고,174430,174430,0
패션의류,ALL,45,[올시즌]전상품여름대특가/반바지/5부/3부/핫팬츠/숏츠/스커트,6900,6900,70
패션의류,ALL,46,달리샵 대박난 베스트 원피스/티셔츠,9900,9900,70
패션의류,ALL,47,알베테 여름첫세일-면100%반팔티/슬라브 95~110까지,7900,7900,69
패션의류,ALL,48,[코데즈컴바인 이너웨어](신세계강남점)여성세트[브라1+팬티2] 16종택1 (옵션가 有),27200,27200,20
패션의류,ALL,49,스타스텝 특가 빅사이즈/원피스/티셔츠/세트,12900,12900,69
패션의류,ALL,50,엘룬/M~5XL/반팔티/티셔츠/쿨론티/빅사이즈/반바지,8900,8900,69
패션의류,ALL,51,풍기인견 파격세일 엄마옷로즈맘 50대중년여성의류,12900,12900,70
패션의류,ALL,52,[핫코드]여름 남자 반팔셔츠/빅사이즈/와이셔츠/린넨체크/행사,13900,13900,69
패션의류,ALL,53,[퍼스트클로]여름세일~3900원/쿨레깅스/1+1/반바지/린넨/와이드4XL,6900,6900,70
패션의류,ALL,54,[체이스컬트]체이스컬트 여름 싹쓰리 쇼핑 티셔츠/팬츠/원피스 외,9900,9900,70
패션의류,ALL,55,[나인스텝]쇼캉스 본사독점극강혜택~ 원피스/블라우스外,19900,19900,39
유아동/출산,ALL,37,세이펜과 떠나는 한국 세계여행 회전지도(세이펜별매),23410,23410,0
유아동/출산,ALL,38,[세타필]세타필 대용량1+1(로션 473ml+로션 473ml) +사은품4종,20900,20900,46
유아동/출산,ALL,39,[디스커버리]키즈 레스터 롱다운 자켓(DKDJ54961),110080,110080,14
유아동/출산,ALL,40,[매일유업]매일 앱솔루트명작 분유 3단계 800g 3캔,47900,47900,56
유아동/출산,ALL,41,[닥터아토]손소독 티슈 20매 10팩_O249,13900,13900,69
유아동/출산,ALL,42,[루솔]루솔 진한 배도라지즙 40포 선물세트 :진한배즙(40),39600,39600,0
유아동/출산,ALL,43,[모윰] 실리콘 트레이 초강력 흡착식판+뚜껑세트 (컬러선택),34900,34900,0
유아동/출산,ALL,44,[에버라스트]22%쿠폰 여름 트레이닝복 상하복 티셔츠 바지 의류,10900,10900,69
유아동/출산,ALL,45,[미스터버블]오리지널 버블바스1060ml +1060ml+펌프+버블밤,24800,24800,69
유아동/출산,ALL,46,[베베숲][베베숲] 시그니처 그린 70매 캡 20팩,38540,38540,5
유아동/출산,ALL,47,우리 아이 첫 감정 연습 세트(전10권): 생활 속 10가지 감정(재정가세트),96000,96000,20
유아동/출산,ALL,48,[베베앙]베베앙 아기물티슈  시그니처 대용량 100매 캡형 10팩,13690,13690,37
유아동/출산,ALL,49,아동팬티.속옷.런닝.삼각.쥬니어.드로즈.여아.남아동,5900,5900,69
신발/잡화,ALL,44,[이사도라]여름 신상 뮬슬리퍼 젤리슈즈 뮬스니커즈,8900,8900,0
신발/잡화,ALL,45,[베어파우]베어파우 초특가 특집전 (리프 메쉬 슬립온),38000,38000,4
신발/잡화,ALL,46,플랫 샌들 미들굽 스트랩 웨지 힐 통굽 여름 여자여성,16800,16800,11
신발/잡화,ALL,47,[컨버스]CHUCK TAYLOR ALL STAR OX CLASSIC 척테일러 올스타 옥스 클래식_M9166 (M9166C)/ 컨버스,38730,38730,19
신발/잡화,ALL,48,(TIOHOH) TIOHOH - T3 대형 3단우산 심플한 우산 111cm,21800,21800,0
신발/잡화,ALL,49,[엔비]여름 가방 밀짚 라탄 왕골 미니 숄더 백,9900,9900,66
신발/잡화,ALL,50,검증된 베스트 남자신발/스니커즈/운동화/신발/슬립온,14800,14800,69
신발/잡화,ALL,51,1+1+1 세트 헤어 곱창 밴드 머리끈 집게핀 버킷햇,5900,5900,40
신발/잡화,ALL,52,[니콜]1+1 백화점 동일 상품 균일가/신상 남녀공용 선글라스,31900,31900,69
신발/잡화,ALL,53,[BT21]단독 특가 BT21 베베/POP/페이스/인형/패턴 슬리퍼,8900,8900,69
신발/잡화,ALL,54,[크록스][모다아울렛]정품 툴룸 여성샌들 206107-00W,38310,38310,3
신발/잡화,ALL,55,탐스백 여름신상/ 숄더백/미니백/라탄백/여성가방,16900,16900,69
신발/잡화,ALL,56,(현대Hmall)버켄스탁(BIRKENSTOCK) ARIZONA EVA 슬리퍼 (mens),36450,36450,19
신발/잡화,ALL,57,14K귀걸이(Gold-Pin) 외 로즈골드 쥬얼리 특가전,9900,9900,70
스포츠/자동차,ALL,70,[크록스]크록스 라이트라이드 클로그 네이비페퍼 204592-4CC,38520,38520,0
스포츠/자동차,ALL,71,일본화로 미니화로 개인화로 가정용화로 바베큐그릴,19900,19900,23
스포츠/자동차,ALL,72,[휠라]FILA 성인/아동 여름철 반팔티/신발/슬리퍼/이지웨어,24900,24900,69
스포츠/자동차,ALL,73,[빈폴스포츠] B.Bench 남/여공용구스 다운 롱 패딩(BO9938F05_IBON),69760,69760,36
스포츠/자동차,ALL,74,[아이더]여름 쿨한 BEST템 싹쓰리 파격특가 세일 ~70%OFF,29900,29900,56
스포츠/자동차,ALL,75,[오토비]AZ100 블랙박스 32G 2배저장 전후방FHD 무료장착 AS2년,159000,159000,50
스포츠/자동차,ALL,76,머슬팜 컴뱃 100% 웨이 프로틴 초콜릿밀크 2269 g,58900,58900,0
스포츠/자동차,ALL,77,[벤디스익스트림]커플 래쉬가드 세트 빅사이즈 집업 수영복 팬츠,12900,12900,69
스포츠/자동차,ALL,78,[차모아]코일매트 카매트 20mm 추가금없는 풀확장형+풀셋트,29800,29800,0
스포츠/자동차,ALL,79,[더가온]차량용 코일매트 카매트 코일카매트 자동차매트,23690,23690,21
스포츠/자동차,ALL,80,[멜킨스포츠]폴민바이크 와이드형 실내 자전거 운동기구 MKHB-01/ 멜킨,118750,118750,17
스포츠/자동차,ALL,81,[케이4캠프]60~120 테이블/접이식 캠핑테이블/피크닉/야외/매대,20900,20900,36
생활/주방/건강,ALL,60,[올리빙]올리빙  도트아이스박스 민트 21L,17900,17900,5
생활/주방/건강,ALL,61,[다우니]초고농축 다우니 섬유유연제 엑스퍼트 실내건조 1L 3개,16500,16500,50
생활/주방/건강,ALL,62,[리스테린]리스테린 쿨민트 750ml 4개,20900,20900,12
생활/주방/건강,ALL,63,[다우니]다우니 퍼플 1L 화이트티와 릴리 향 6개 +사은품,23850,23850,10
생활/주방/건강,ALL,64,[캐츠랑]캐츠랑 전연령 20kg(5kg x 4개) 캣츠랑 고양이사료 NEW,45000,45000,0
생활/주방/건강,ALL,65,[더블에이]더블에이 A4 복사용지(A4용지) 80g 5000매 2BOX,42500,42500,14
생활/주방/건강,ALL,66,[다우니]다우니 엑스퍼트 실내 건조 1L 4개 +사은품,20700,20700,10
생활/주방/건강,ALL,67,[HP]HP A4 복사용지(A4용지) 80g 2500매 2BOX/더블에이,31200,31200,13
생활/주방/건강,ALL,68,[HP]HP A4 복사용지(A4용지) 75g 2500매 2BOX/더블에이,28900,28900,13
생활/주방/건강,ALL,69,[잘풀리는집]잘풀리는집 따뜻한감동3겹 25m30롤 2팩/화장지/휴지,21900,21900,8
생활/주방/건강,ALL,70,[쏘피]안심숙면팬티 오버나이트 생리대 L 5P x 3팩+무표백2P,10900,10900,50
생활/주방/건강,ALL,71,[크리넥스]데코 앤 소프트 화장지 27M30롤X2팩/휴지,33900,33900,41
생활/주방/건강,ALL,72,[덴티스테]프리미엄 치약 덴티스테 11종,58900,58900,1
생활/주방/건강,ALL,73,[생활공작소]생활공작소 주방세제 4L 2입 쌀뜨물향 1종 친환경인증,14840,14840,50
도서/음반,ALL,78,(쿠폰할인-특가) 한글과 영어로 읽는 똑똑성교육동화 총15종 세트 : 세이펜별매,212840,212840,34
도서/음반,ALL,79,{Online Fansign Event} 에이티즈 (ATEEZ) - ZERO : FEVER Part.1,14900,14900,0
도서/음반,ALL,80,[EBS교육방송](사은품증정) EBS 초등 기본서 만점왕 국수/국사과/전과목 세트 2020년 1학기 2학기 : 선택,30150,30150,0
도서/음반,ALL,81,[우공비]2020년 2학기 신사고 우공비국사과/ 전과목세트/국사과+쎈수학,38250,38250,10
도서/음반,ALL,82,랜덤_RHK 피콜로 재미 그림책 (전74권),81500,81500,59
도서/음반,ALL,83,강다니엘 데뷔 1주년 온택트 팬미팅 공식티셔츠,25000,25000,0
도서/음반,ALL,84,1.미국교과서 강의이벤트 (RFV / RFV PLUS / ATR ) + 단어장,46800,46800,10
도서/음반,ALL,85,(백종원이 추천하는 집밥 메뉴) 믿고 보는 백종원의 요리책 시리즈 (선택구매),9900,9900,0
도서/음반,ALL,86,(예약판매) 몬스타엑스 2020 화보집 MONSTA X 2020 PHOTO BOOK (XIESTA) / 포토북 발매일 : 8월 12일,42000,42000,0
도서/음반,ALL,87,카드할인+사은품) 2020년 1 2학기 우등생 해법 세트 초등 문제집 1 2 3 4 5 6 학년 국어 수학 과학 사회,36900,36900,0
도서/음반,ALL,88,권당사은품) 2020년 쎈수학 중등 -  라이트 쎈 개념쎈 중등 수학 1 2 3 학년 중학 문제집 상 하,12600,12600,0
가구/침구,ALL,77,특가 누빔 요커버 S/D/Q/요솜/순면/요매트/요/커버,11670,11670,61
가구/침구,ALL,78,[리앤데코]열대야날릴 시원한 대형 대나무돗자리 모음 파워세일,26900,26900,69
가구/침구,ALL,79,(1+1) 사계절 3중직 암막커튼 거실커튼 창문커튼 커텐,10900,10900,69
가구/침구,ALL,80,순면 모달 먼지없는 차렵이불세트 침구세트,49900,49900,0
가구/침구,ALL,81,[쁘리엘르]1+1 발매트 키친매트 리빙러그 순면 사계절 인테리어,10900,10900,58
가구/침구,ALL,82,냉감 여름 차렵이불 알러지케어 누비이불 순면/극세사,13900,13900,69
가구/침구,ALL,83,특가할인 9700원~ 무료배송(전신거울/벽거울/화장대),19700,19700,1
가구/침구,ALL,84,NEW 커블체어 와이더 바른자세 허리 교정의자 (1793058),64230,64230,7
가구/침구,ALL,85,일루일루 미니 타이탄 로얄체어 3색상,69210,69210,0
가구/침구,ALL,86,땀 걱정없는 쿨소재 여름 누빔패드/시어서커/침대패드,22900,22900,45
가구/침구,ALL,87,[벨리에르]인견 토퍼 침구 풀세트(사이즈 3가지),39900,39900,69
가구/침구,ALL,88,컴퓨터 사무용 책상 학생 공부 편안한 의자,24900,24900,68
가구/침구,ALL,89,[파크론][파크론] [2P세트] 고밀도 25배 프리미엄 캠핑매트 (200x140cm),29900,29900,0
식품,ALL,93,[동서]국내산100% 현미녹차 200T+8T/둥굴레차/메밀차/티백,12500,12500,45
식품,ALL,94,더간편한육수명장 요즘뭐먹지 육수명장 (200알 + 무,55910,55910,6
식품,ALL,95,상하목장 유기농 우유 200ml 24팩 2박스 총48팩_무배,37900,37900,2
식품,ALL,96,초록원 딸기잼 1kg+1kg/국내산 딸기쨈/식빵 /안전포장,12600,12600,0
식품,ALL,97,[매일유업]매일 상하치즈 유기농 1~3단계 110매 모음,27500,27500,9
식품,ALL,98,[농협]예산 특등급 삼광미 총 20kg (10kg+10kg),64900,64900,0
식품,ALL,99,[CJ제일제당] 맛밤 80g X 24개,39900,39900,0
식품,ALL,100,[아워홈]지리산수 핑크 500ml 20병/생수전문배송,3900,3900,9
화장품/헤어,ALL,76,[라벨영]쇼킹 티트리스팟 3개 /말썽+예민피부/진정/,28000,28000,0
화장품/헤어,ALL,77,[뉴트로지나]딥클린 폼클렌져 220g 리미티드에디션 3개,25900,25900,21
화장품/헤어,ALL,78,[더바디샵][더바디샵] 화이트 머스크 샤워젤 400ML(94662),18280,18280,14
화장품/헤어,ALL,79,[해피바스]해피바스 마이크로 미셀라 소프트휩 클렌징폼 75G 특가,2900,2900,0
화장품/헤어,ALL,80,리르 포크 타투아이브로우 틴트 1+1 특가 +틴트증정,8900,8900,69
화장품/헤어,ALL,81,헤드스파7 트리트먼트 더 프리미엄 패키지 ,79200,79200,10
화장품/헤어,ALL,82,[더바디샵][더바디샵] 진저 샴푸 400ML(94639),14450,14450,15
화장품/헤어,ALL,83,[닥터방기원]랩 탈모 트리트먼트 1000mlx2+사은품증정,29900,29900,0
화장품/헤어,ALL,84,[엘로엘] 팡팡 빅 선쿠션 방송특별 패키지,53910,53910,10
화장품/헤어,ALL,85,[버츠비]버츠비 틴티드 립밤 (택1),7800,7800,56
화장품/헤어,ALL,86,[댕기머리]댕기머리 1+1 허벌 샴푸/트리트먼트 2000ml+사은품,19800,19800,20
화장품/헤어,ALL,87,[클리오]페리페라 신상外 전 품목 균일가전 ~82% 할인,9900,9900,45
여행,ALL,96,|최대 10만원 할인||제주 리조트| 켄싱턴리조트 서귀포 (서귀포시),85000,85000,0
여행,ALL,97,|최대10만원할인|켄싱턴 리조트 경주보문(경북 호텔/경주/포항/울진/영덕),61740,61740,2
여행,ALL,98,|최대10만원할인|소노문 단양(구 대명리조트 단양)(충북 호텔/단양/청주/제천/충주/보은/,78000,78000,0
여행,ALL,99,|최대10만원할인|Grace Hotel 영종도(인천 호텔/중구/인천국제공항(중구)),25000,25000,0
여행,ALL,100,와이파이도시락 국내데이터 15GB / NO약정 기간연장가능 30일렌탈 / 포켓와이파이 에그대여 무선인터넷,15500,15500,0
패션의류,ALL,56,[슈프림]5부오버핏 반팔티 티셔츠 빅사이즈 5XL 남자남성여성,8500,8500,69
패션의류,ALL,57,[미센스]최대22%중복쿠폰 여름 클리어런스 블라우스/원피스外,8900,8900,69
패션의류,ALL,58,코코리여름신상~간절기 쭉입기좋은 롱티박스티원피스,9900,9900,70
패션의류,ALL,59,[비버리힐스폴로클럽]1매2900원/드로즈/사각/팬티/남성/남자/세트/면/속옷,7800,7800,70
패션의류,ALL,60,체리온/썸머SALE 반팔 박스티/롱티/빅사이즈/브이넥티,6900,6900,70
패션의류,ALL,61,[지오다노]지오다노 선오픈 마지막 특가찬스 전지현 블레이저 外,55000,55000,57
패션의류,ALL,62,[아디다스][아디다스]  클라이마쿨 드로즈 5종 세트 7MYDSJ41,52000,52000,0
패션의류,ALL,63,12%쿠폰할인더운여름 더시원하게~ 홈웨어/파자마,5900,5900,69
패션의류,ALL,64,[올리비에스클로젯]티셔츠/린넨소재외 필수이너전,7900,7900,69
패션의류,ALL,65,[핫코드]여름신상 남자청바지/빅사이즈/면바지/일자/스판/행사,13900,13900,69
패션의류,ALL,66,티메이 여름신상 블라우스 원피스 반팔 상하세트,9900,9900,69
유아동/출산,ALL,50,[베비언스]핑크퐁 모기기피제 모기야오지마150ml 2개,16900,16900,35
유아동/출산,ALL,51,팸퍼스 에어차차 썸머팬티 기저귀 1박스 4~6단계,66000,66000,0
유아동/출산,ALL,52,very 얼리챕터북 Jack/Starters/My Weird School 선택,45000,45000,68
유아동/출산,ALL,53,[호호에미]친환경세제 아기세제 유아 세제 섬유유연제 천연세제,25500,25500,0
유아동/출산,ALL,54,[팬콧키즈]22%쿠폰 여름 상하복 티셔츠 트레이닝복 바지 의류,10900,10900,69
유아동/출산,ALL,55,[팬콧키즈]22%쿠폰 아동 주니어 래쉬가드 세트 수영복,14900,14900,69
유아동/출산,ALL,56,하기스  최신상 최강흡수 NEW 맥스드라이 4+2팩 총 6팩   남/여아형,111800,111800,0
유아동/출산,ALL,57,[마미요]마미요 오리지널 물티슈 캡형 100매x10팩,12900,12900,41
유아동/출산,ALL,58,벨레다공식총판  어린이 치약 50ml 4개,35030,35030,0
유아동/출산,ALL,59,[Miel]신상품 런칭기념 미엘물티슈 클래식 100매 캡형 20팩,22680,22680,0
유아동/출산,ALL,60,[아가방]아가방 가을 데이포켓가디건(M/YELLOW/BLACK/CREAM),9900,9900,70
유아동/출산,ALL,61,[그로미미]그로미미 PPSU 빨대컵 200ml (다크시리즈),16540,16540,3
유아동/출산,ALL,62,[비룡소]비룡소 기획 말놀이 동요집/동시집 선택구매,32000,32000,65
신발/잡화,ALL,58,1000여종의 레나샵지비츠 크록스지비츠,490,490,0
신발/잡화,ALL,59,홈쇼핑HIT 썸머슈즈 6종 특가(예약상품 2020.08.03 부터 발송)/ 가이거,59900,59900,0
신발/잡화,ALL,60,[리복]리복상설제품 레인워커 대쉬 DMX XW 4E /M48150,59500,59500,0
신발/잡화,ALL,61,14K/18K 베스트 쥬얼리 앵콜특가 여친선물,89900,89900,69
신발/잡화,ALL,62,트라텍최저29900원부터1+1사은품증정여행용캐리어가방,49900,49900,0
신발/잡화,ALL,63,[핏플랍]여성 아이쿠션플리플랍 (FFSO0E401),24180,24180,20
신발/잡화,ALL,64,데일리 여성가방/크로스백/클러치/숄더백/미니백,15900,15900,70
신발/잡화,ALL,65,[스위스밀리터리]여름양말 페이크삭스/발목/스니커즈/남자/여자/양말,9900,9900,70
신발/잡화,ALL,66,[쌤소나이트 레드]LOPERE 백팩 2종 중 택1 (DO109001 DO141001)[예약상품 2020.08.13 부터 발송]/ 쌤소나이트레드,66240,66240,28
신발/잡화,ALL,67,[디스커버리][디스커버리] 샌드 라인 슬리퍼 DXSH70841,35100,35100,10
신발/잡화,ALL,68,12 UV 우산 장우산 3단우산 3단 자동우산 양산 우양산,6900,6900,0
스포츠/자동차,ALL,82,eShop+ 로티캠프 로우체어(그린+네이비) 2P,72900,72900,0
스포츠/자동차,ALL,83,[헤링본]남자 래쉬가드 상하의세트 수영복 비치웨어 보드숏,26900,26900,10
스포츠/자동차,ALL,84,2인용 자충매트 캠핑용품 캠핑매트 에어매트,32900,32900,0
스포츠/자동차,ALL,85,K4camp 1+1 접이식 캠핑의자 낚시의자 릴렉스체어,55290,55290,10
스포츠/자동차,ALL,86,[아디다스오리지널](신세계강남점)[Mens] 오즈위고 (EE6999),105780,105780,18
스포츠/자동차,ALL,87,[패스트캠프]원터치 육각텐트 오토6 2종 패키지,82710,82710,7
스포츠/자동차,ALL,88,1+1+1 캠핑매트/대형 돗자리/텐트/피크닉,14900,14900,0
스포츠/자동차,ALL,89,남여 커플 래쉬가드 수영복 5pcs 세트 서핑슈트,22700,22700,0
스포츠/자동차,ALL,90,[빈슨메시프]시그니처 XXL 5T 8T 자충 캠핑 에어 매트,26900,26900,69
스포츠/자동차,ALL,91,[코베아]코베아 올인원M 구이바다 버너 유리뚜껑 KG-0904PEM,122000,122000,0
스포츠/자동차,ALL,92,[밀레](신세계경기점)밀레 남성 여름 반팔 티셔츠 3종 MXNUT103/109/476,18750,18750,25
스포츠/자동차,ALL,93,[푸마](신세계타임스퀘어점패션관)푸마x선미 RS-SANDAL368763-01 /374862-01 02(블랙 2차 전사이즈 재입고),37490,37490,22
스포츠/자동차,ALL,94,[베베누보](현대Hmall)해피타임 투명유리보트,39900,39900,0
생활/주방/건강,ALL,74,[메디안]메디안 치약 15개+추가증정 (옵션),15900,15900,55
생활/주방/건강,ALL,75,[프로월드컵]22%추가쿠폰 100매입 국내생산포함/3중필터마스크,16900,16900,50
생활/주방/건강,ALL,76,[유한양행]해피홈 아쿠아 방수밴드 100매 2팩 (총 200매),10900,10900,15
생활/주방/건강,ALL,77,SGSG KF-AD식약처인증 국산 비말차단마스크30매,16110,16110,10
생활/주방/건강,ALL,78,프레쉬N 여름용 비말차단 마스크 3중필터 3D입체 50매,27500,27500,0
생활/주방/건강,ALL,79,[동국제약]마데카 메디패치 스팟(33매입) 3개 /무료배송,10900,10900,0
생활/주방/건강,ALL,80,[잘풀리는집]잘풀리는집 순수 프리미엄 30mx30롤 2팩/화장지,26900,26900,15
생활/주방/건강,ALL,81,[페브리즈]페브리즈 섬유탈취제 상쾌한 향 900ml 대용량 2개 d,18100,18100,35
생활/주방/건강,ALL,82,[쏘피]볼록맞춤 슈퍼롱 오버나이트/생리대 20Px2팩,8900,8900,50
생활/주방/건강,ALL,83,[가쯔]블럭리빙박스72L 1+1 수납박스 다용도정리함 (총2개),15800,15800,0
생활/주방/건강,ALL,84,휴대용 알약케이스 약케이스,490,490,0
생활/주방/건강,ALL,85,섬유유연제 피죤 프리미엄 18L,15900,15900,60
생활/주방/건강,ALL,86,[베베앙]베베앙 아기물티슈  시그니처 대용량 100매 캡형 10팩,13690,13690,37
도서/음반,ALL,89,아이유 DVD/블루레이 선택구매 - 2019 IU Tour Concert Love poem in Seoul,43800,43800,0
도서/음반,ALL,90,(예약판매) 몬스타엑스 2020 화보집 MONSTA X 2020 PHOTO BOOK (COMMA) / 포토북 발매일 : 8월 12일,42000,42000,0
도서/음반,ALL,91,몬테소리 비바이오 매쓰,69000,69000,65
도서/음반,ALL,92,SET(앨범3종+포스터3종+지관통) 에이티즈 (ATEEZ) - ZERO : FEVER Part.1 (미니앨범 5집),41400,41400,0
도서/음반,ALL,93,[부즈펌]부즈펌(라이카미) 우수과학도서 4종 세트/초등교과연계(과학혁명/단위/우주로가는방법/지구과학),68480,68480,2
도서/음반,ALL,94,마더스카페 (소년한길) 데이비드 맬컬레이 건축이야기 전7권,98000,98000,9
도서/음반,ALL,95,4단계 난이도별 스토리북/Welcome To Reading/웰컴투리딩,128800,128800,41
도서/음반,ALL,96,(LP) 김재환 (Kim Jae Hwan) - Moment (5천장 한정반),45000,45000,0
도서/음반,ALL,97,(풀빛)천방지축 좌충우돌 숭민이의 일기 전5권/창작동화 시리즈 베스트,53640,53640,10
도서/음반,ALL,98,7살 첫 수학 세트(전4권) 초등 입학 전  즐거운 공부 기억,31000,31000,0
가구/침구,ALL,90,싱글족을위한 이불+패드+베개세트/기숙사 이불 세트,19260,19260,69
가구/침구,ALL,91,거북목예방 일자목예방 높이조절 스탠딩테이블 책상 80,43130,43130,0
가구/침구,ALL,92,하포스 국내산 정품 단면매트리스,52900,52900,11
가구/침구,ALL,93,[삼익가구][삼익가구]  롯데단독  로렌스 3인용 카우치 소파(스툴포함)_착불배송,200450,200450,5
가구/침구,ALL,94,폼블럭 1Mx20M/25M/이음새없는/벽지/시트지/KC인증,54430,54430,5
가구/침구,ALL,95,[센스맘]센스맘 에어매트리스 9존 12cm 싱글(S) (겉커버 포함),104280,104280,4
가구/침구,ALL,96,(현대Hmall)[Hmall x UFO] 캠퍼필드 코코 폴딩박스 캠핑테이블 인타입 세트,24930,24930,6
가구/침구,ALL,97,알러지케어 베개 1+1 2장 냉감 베게커버 순면/극세사,4900,4900,69
가구/침구,ALL,98,[아라홈]코잠배개 경추 메모리폼 낮은 숙면 기능성 목이편한,33000,33000,0
가구/침구,ALL,99,도톰한 누빔 요커버+정품 요솜 포함세트/요매트/요,28900,28900,23
가구/침구,ALL,100,[인쏘노]인기 슈퍼싱글 퀸 침대프레임 14종 + 매트 4종 모음전,188000,188000,6
화장품/헤어,ALL,88,[트리플에스]약산성 트리플에스 탈모샴푸 2000ml+250ml (무료샘플),29900,29900,0
화장품/헤어,ALL,89,[두보레]두보레 에센스비누 장미 4입 x 4개 (16입),10000,10000,23
화장품/헤어,ALL,90,OGX 아르간 오브 모로코 오일 1+1,18200,18200,43
화장품/헤어,ALL,91,[쿤달]4+1 쿤달 샴푸 트리트먼트 바디워시 바디로션 외,7900,7900,0
화장품/헤어,ALL,92,[닥터그루트]닥터그루트 애딕트 탈모샴푸 자스민 680ml + 증정,38000,38000,0
화장품/헤어,ALL,93,[라네즈]라네즈 워터뱅크 하이드로 에센스 70ml 기획세트,24900,24900,22
화장품/헤어,ALL,94,[시세이도]NEW 시세이도 크리스탈라이징 스트레이트 매직약 볼륨,22900,22900,0
화장품/헤어,ALL,95,[어반디케이](신세계시코르강남역점)[7월]올나이트 세팅 픽서 118ml + 30ml 정품 추가 증정 세트,33150,33150,15
화장품/헤어,ALL,96,[ahc]AHC 아이크림 스페셜세트,22500,22500,10
화장품/헤어,ALL,97,[프리메라]프리메라 리페어빈 시카 에센스 50ml 기획세트,13900,13900,46
화장품/헤어,ALL,98,(디오디너리) (신세계시코르강남역점)[대용량] 디오디너리 나이아신아마이드 10% + 징크 1% 60ml,10600,10600,0
패션의류,ALL,67,[캘빈클라인키즈]캘빈클라인 키즈 남아용 언더웨어 드로즈 6종세트 XL,25670,25670,7
패션의류,ALL,68,[모카썸]여름시즌오프50종 SALE 반팔티셔츠/후드집업/원피스,6900,6900,70
패션의류,ALL,69,[온앤온]온앤온 역시즌사계절 BEST ITEM 최대 72%,159000,159000,60
패션의류,ALL,70,[슈프림]반바지 트레이닝 린넨밴딩 남자남성 팬츠 츄리닝 비치,8900,8900,69
패션의류,ALL,71,[BYC]국내산5매 트렁크 사각 팬티 남자 남성 빅사이즈 속옷,12900,12900,70
패션의류,ALL,72,[모스트맘]홈웨어/쿨세트/파자마/쿨원피스/쿨바지/잠옷,5900,5900,69
패션의류,ALL,73,브리치x뿌미 여름 best 티셔츠/블라우스/팬츠,13400,13400,69
패션의류,ALL,74,/3+1/~4XL쿨링 팬츠/슬랙스/통바지/반바지/부츠컷,5900,5900,69
패션의류,ALL,75,성진 신상 여성 원피스 블라우스 코트,9900,9900,69
패션의류,ALL,76,패션라인 펀칭원피스/블라우스/티셔츠/박시/빅사이즈,19900,19900,9
패션의류,ALL,77,[머스트비]머스트비 여름 신상품 원피스/자켓/티셔츠/청바지,20900,20900,69
패션의류,ALL,78,[체리빌레]여름신상 롱원피스/플라워쉬폰/루즈핏,24900,24900,17
유아동/출산,ALL,63,[NFL키즈]엔에프엘키즈 역시즌 90%SALE,7900,7900,69
유아동/출산,ALL,64,[아가방]아가방 가을 토리누빔점퍼(NAVY)_01M55500213,23400,23400,70
유아동/출산,ALL,65,국산 반팔/민소매/7부/내의/실내복/유아/아동/잠옷,7900,7900,69
유아동/출산,ALL,66,순수아 리필빨대2+2/총8P+8P+빨대솔2P/더블하트호환,19600,19600,2
유아동/출산,ALL,67,[아이러브베베]아이러브베베물티슈 아이보리72매캡형X20팩,18900,18900,34
유아동/출산,ALL,68,[메가텐]비바텍 럭스360칫솔 스탭_2단계  3P_6단모 25개월~4세,18900,18900,70
유아동/출산,ALL,69,[유한킴벌리]그린핑거자연보습320mlset(워시+샴푸+로션),22900,22900,34
유아동/출산,ALL,70,아동 팬티 5매 5900원 유아 주니어 런닝 순면 속옷,9800,9800,69
유아동/출산,ALL,71,[베비언스]핑크퐁 버블 핸드워시 대용량용기2입+리필3입+선물박스,26500,26500,0
유아동/출산,ALL,72,[블레스네이처]오가닉 애착인형 1+1세트(아기 시리즈)택1 [한정EVENT 캐릭터가방 증정]/ 블레스네이처,25230,25230,13
유아동/출산,ALL,73,[바이오가이아]2개 바이오가이아 유산균 베이비드롭 비타민D 10ml 1+1,62900,62900,0
유아동/출산,ALL,74,[팬콧키즈]팬콧키즈 아동/반팔티/래쉬가드/원피스/팬츠,11900,11900,69
유아동/출산,ALL,75,[리베로기저귀]리베로기저귀 리미티드에디션x6팩 /밴드형/팬티형x3팩,61400,61400,0
신발/잡화,ALL,69,[페이퍼플레인]신발 커플 스니커즈 슬립온 운동화 키높이 단화 슈즈,13800,13800,70
신발/잡화,ALL,70,[엔비]15%쿠폰 김혜수 핸드폰줄 폰스트랩 휴대폰 목걸이,7900,7900,0
신발/잡화,ALL,71,[가나양말]남자 여자 발목 덧신 페이크삭스 정장 스포츠 양말,6500,6500,69
신발/잡화,ALL,72,로라스타일 여름 신상 팔찌 뱅글 써지컬 가죽,13800,13800,31
신발/잡화,ALL,73,[버켄스탁]아리조나/지제/마드리드/마야리 8종 택1,57030,57030,19
신발/잡화,ALL,74,스케야 M1 여성 레인부츠 장화 레인부츠 비오는날 장마,18300,18300,0
신발/잡화,ALL,75,[까르페디엠]C무지 자동장우산/튼튼한 아동 여성 남성 초등학생,6870,6870,0
신발/잡화,ALL,76,보가 수제화 카벨 4-md025 리본장식 여성 쪼리 슬리퍼,4900,4900,0
신발/잡화,ALL,77,[페이퍼플레인]아쿠아슈즈/남자샌들/여성샌들/트래킹샌들/물놀이슈즈,16800,16800,70
신발/잡화,ALL,78,신상 양말 페이크삭스 덧신 균일가 패션 남자여자발목,5900,5900,0
스포츠/자동차,ALL,95,[크록스](정품)크록스 크록밴드 인기 샌들 모음,18900,18900,47
스포츠/자동차,ALL,96,[크록스]2020 신상 크록스 성인 크록밴드 샌들 슬리퍼 8종택일,29760,29760,5
스포츠/자동차,ALL,97,[크록스](신세계강남점)[크록스코리아 시즌오프 특가 ]205568-462 크록밴드 로고 클로그,24520,24520,17
스포츠/자동차,ALL,98,[피레스트]티폰140 3D루프백 레인커버-100% 방수커버,44360,44360,0
스포츠/자동차,ALL,99,알파바운스 슬라이드 B41720/ 아디다스,37210,37210,10
스포츠/자동차,ALL,100,[로티캠프]S급 전시상품 / 에코 로우체어 1+1 한정수량,49900,49900,0
생활/주방/건강,ALL,87,윈프라이스 포템 레볼루션 필터 샤워기 +필터 추가증정,9900,9900,9
생활/주방/건강,ALL,88,[땡큐]땡큐 무형광핸드타올 2겹5000매 점보롤 천연펄프 휴지,20800,20800,0
생활/주방/건강,ALL,89,[도루코]도루코 프로컷 S101 커터기 X 2개,4000,4000,0
생활/주방/건강,ALL,90,[크리넥스]순수3겹 화장지 27M 30롤x2팩/휴지,29900,29900,42
생활/주방/건강,ALL,91,강블리라이프 블링 휴 30M 3겹 30롤 X 2팩/화장지/휴지,17900,17900,64
생활/주방/건강,ALL,92,국산 어린이 덴탈 마스크 소형 아동 유한킴벌리,29900,29900,0
생활/주방/건강,ALL,93,(판매1위)최고급프리미엄줄눈최저가셀프시공타일줄눈,2970,2970,70
생활/주방/건강,ALL,94,모닝_중고SP무제B 빼꼼냥냥 ,1000,1000,0
생활/주방/건강,ALL,95,HB_하이컬러제본노트,1000,1000,0
생활/주방/건강,ALL,96,[헬로]헬로 순수 3겹 천연펄프 화장지 30m 30롤 3팩 특가행사,29900,29900,0
생활/주방/건강,ALL,97,[테리파머]호텔수건 무형광  200g 수건 10장 수건세트 타월 타올,29900,29900,3
도서/음반,ALL,99,[쎈]사은품증정) 2020년 쎈초등수학 신사고 쎈수학 문제집 쎈연산 3 4 5 6/1-2 2-2 3-2 4-2 5-2 6-2,12600,12600,0
도서/음반,ALL,100,설민석의 한국사 통일 세계사 대모험 1 2 3 4 5 6 7 8 9 10 11 12 13 14 권 상편 하편 학습 만화 책,8820,8820,0
화장품/헤어,ALL,99,[아토팜]아토팜 NEW 수딩 젤 로션 120ml X 2개 (+수딩젤 40ml),21400,21400,0
화장품/헤어,ALL,100,[아모스프로페셔널]1+1 아모스 컬링에센스 2X 150ml,17270,17270,2
패션의류,ALL,79,코코블랑 여성 티셔츠/가디건/원피스,14900,14900,69
패션의류,ALL,80,3+1시원한밴딩여름바지맛집5부 9부 쿨바지 여성쿨바지,4900,4900,69
패션의류,ALL,81,[란제리아]비비안 외 브라 팬티 세트 여성 여자 브래지어 속옷,9900,9900,70
패션의류,ALL,82,[캘빈클라인키즈]캘빈클라인 키즈 남아용 언더웨어 드로즈 6종세트 L,25670,25670,7
패션의류,ALL,83,시스터 빅세일 5900~빅사이즈롱티/롱원피스/세트/팬츠,5900,5900,69
패션의류,ALL,84,[블루포스]여름신상 반팔카라티/빅사이즈/단체커플티/남자옷,11800,11800,69
패션의류,ALL,85,[아디다스]홈쇼핑 특가 아디다스 남성 드로즈 특가 9900~,9900,9900,70
패션의류,ALL,86,22%중복 STCO 남자의 여름템 화끈한 시즌오프,14900,14900,62
패션의류,ALL,87,[솔로이스트]22%쿠폰 창립이벤트 원피스/블라우스 102종 UTCJ2H01,17900,17900,60
패션의류,ALL,88,[란제리아]남영 비비안외 국산주니어 브라 팬티 속옷 학생쥬니어,7900,7900,69
패션의류,ALL,89,신상/남자청바지/남성/빅사이즈/스판/바지/슬랙스,13800,13800,70
패션의류,ALL,90,[휴아이지옴므]HU 히든밴딩 감격슬랙스팬츠,17800,17800,0
유아동/출산,ALL,76,[시공주니어]마더스카페/시공주니어 초등창작 필독선 레벨별 모음전,550000,550000,8
유아동/출산,ALL,77,[마미포코]땀먹는 팬티 기저귀 /특대 남아 32매 6팩+물티슈1박스,69900,69900,46
유아동/출산,ALL,78,[슈퍼대디]입는게 더 시원한 울트라씬 밴드/팬티 기저귀,56900,56900,0
유아동/출산,ALL,79,[남양]드빈치 아기치즈 1단계 100매 (6-18개월),23900,23900,51
유아동/출산,ALL,80,[젤리스푼]아동복/여아의류/원피스/아동래쉬가드/바람막이,11900,11900,69
유아동/출산,ALL,81,[페이퍼플레인키즈]아동장화 유아장화 아동 레인부츠 샌들 아동화 슈즈,20900,20900,69
유아동/출산,ALL,82,안녕 나는 시리즈 골라담기 8권 강릉 강원도 경주 서울 인천 전주 제주도 해외여행,12000,12000,0
유아동/출산,ALL,83,센스물티슈 악어 캡형 100매 10팩+10팩 /한장씩톡톡,14900,14900,25
유아동/출산,ALL,84,[젤리캣](신세계강남점)아이들의 필수 아이템 / 애착인형 젤리캣 버니 L 사이즈 6종 ,50160,50160,5
유아동/출산,ALL,85,베베누보 해피타임 힙쉴드 유아 아동 구명조끼,40900,40900,0
유아동/출산,ALL,86,[보솜이]보솜이 밴드/팬티 기저귀 1BOX 모음,34900,34900,0
신발/잡화,ALL,79,[지오다노] BEST  134600 리버서블 래더 벨트/ 지오다노,14660,14660,25
신발/잡화,ALL,80,시스마르스 소가죽 링 샌들 + 메탈장식 슬리퍼 (2종),36810,36810,7
신발/잡화,ALL,81,[해리메이슨] [해리메이슨] 썸머 주얼리 36종 택 1 (전 구매 고객 한정 사은품 증정) ,19120,19120,11
신발/잡화,ALL,82,보가 수제화 루핀 3-001-1 심플 두줄 스트랩 쪼리샌들,4900,4900,0
신발/잡화,ALL,83,[페이퍼플레인]운동화/스니커즈/에어쿠션/런닝화/키높이/PP1101,40800,40800,70
신발/잡화,ALL,84,[브라이튼]여행용 캐리어 기내용 여행가방 TSA 확장지퍼 더블휠,29800,29800,69
신발/잡화,ALL,85,신상 슬립온 플랫 단화 여성 키높이 운동화 스니커즈,12800,12800,57
신발/잡화,ALL,86,스타 여성남성 양말모음전 덧신/페이크삭스/학생양말,6900,6900,70
신발/잡화,ALL,87,[크록스]여성  프리셀 클로그 우먼 200861-001,19000,19000,0
신발/잡화,ALL,88,[비버리힐스폴로클럽]초특가) 비버리힐즈폴로클럽 소가죽 레이디샌들,23440,23440,21
신발/잡화,ALL,89,정품 MLB 사계절 인기 슬리퍼 모음전,13900,13900,0
신발/잡화,ALL,90,[에스콰이아]에스콰이아 20SS 신상 정장화/슬립온/단화/스니커즈,36900,36900,70
신발/잡화,ALL,91,스타일프로포즈10%할인 오즈페토 스퀘어 버클샌들,39000,39000,0
생활/주방/건강,ALL,98,[마미요]마미요 오리지널 물티슈 캡형 100매x10팩,12900,12900,41
생활/주방/건강,ALL,99,[크리넥스]크리넥스 여행용티슈 대한민국 70매X15개,12900,12900,50
생활/주방/건강,ALL,100,봉지롤5팩(2set) 색상랜덤 총10팩 300장 대용량,5500,5500,6
패션의류,ALL,91,[미씨엘라]미씨엘라 신상 원피스/블라우스/팬츠/빅사이즈/루즈핏,7900,7900,69
패션의류,ALL,92,[이지바이]리뷰 3만개 반바지/긴바지/밴딩바지 창고대방출 49~,4900,4900,69
패션의류,ALL,93,아희패션 원피스 블라우스 스커트 가디건 자켓,9900,9900,69
패션의류,ALL,94,[알트베니]알트베니여성 빅사이즈 원피스/티셔츠/블라우스/셔츠,9900,9900,70
패션의류,ALL,95,브리치x아이미마인 S/S 반팔/블라우스/원피스,14900,14900,69
패션의류,ALL,96,앙투/여름신상/원피스/44~110/빅사이즈/루즈핏/니트,11900,11900,69
패션의류,ALL,97,린다샵 신상세일 자켓/린넨/원피스/블라우스/스커트,19900,19900,69
패션의류,ALL,98,쏭스타일 신상추가.빅사이즈.롱티.루즈핏,6900,6900,70
패션의류,ALL,99,3+1~5XL 반팔티 티셔츠 커플 남자 빅사이즈 오버핏 면,9900,9900,69
패션의류,ALL,100,[PANDORAbyVIVIEN][무료배송]남영 판도라/보디가드 티나지 않는 노라인 여성 헴팬티 5종(90~105)/ 판도라 바이 비비안,19640,19640,22
유아동/출산,ALL,87,[아이더]2020 F/W 신상 키즈 선오픈 할인 4만원대부터 플리스,90300,90300,30
유아동/출산,ALL,88,[아이러브베베]아이러브베베물티슈핑크 100매 리필형X20팩,12900,12900,35
유아동/출산,ALL,89,[존슨즈베이비]존슨즈 액티브 키즈 샤이니 샴푸 500ml x 2개,20900,20900,21
유아동/출산,ALL,90,[영실업]특가 콩순이 말하는 펭이와 청진기,28340,28340,7
유아동/출산,ALL,91,[하기스]매직팬티컴포트/보송/밴드/맥스/네이처기저귀,42900,42900,0
유아동/출산,ALL,92,뉴질랜드 수입분유 퓨어락 로열플러스 2단계 3캔,132400,132400,0
유아동/출산,ALL,93,[달리]달리  너도 보이니 9권세트 (특급열차/꿈의도시 등),54260,54260,6
유아동/출산,ALL,94,[베베숲]아기물티슈 프리미어 캡70매 20팩,36900,36900,0
유아동/출산,ALL,95,최대12%쿠폰 주니어의류 반바지 4300~ 레깅스 2500~,3900,3900,70
유아동/출산,ALL,96,1+1 아동 우산/장화/우비 유아 레인부츠 우의,4900,4900,69
유아동/출산,ALL,97,슈퍼대디x미피 소프트플러스 물티슈캡형100매10팩 55g,12900,12900,35
유아동/출산,ALL,98,(팁토이조이(TipToeyJoey)) (신세계본점)[팁토이조이] 걸음마신발 아기운동화 펑키 모음전,38660,38660,18
신발/잡화,ALL,92,[나이키]헤리티지 힙색(BA5750-010),19790,19790,2
신발/잡화,ALL,93,[라코스테스포츠] RZ0097M19AX96 남성 유로파 스니커즈,75600,75600,20
신발/잡화,ALL,94,Gotivathy 슬라이드 우드그립 장우산 단색상 122cm,22400,22400,20
신발/잡화,ALL,95,[핏플랍]아이쿠션플리플랍  FFSO0E401 6종택일,24480,24480,20
신발/잡화,ALL,96,[콜마운틴]운동화/런닝화/트레킹화신발/등산화/남여성/k2쿨토시,25800,25800,0
신발/잡화,ALL,97,남녀공용 힙색/슬링백/메신저백/바디백/보조가방,11900,11900,69
신발/잡화,ALL,98,[컨버스]슈즈 척테일러 올스타 옥스 클래식_M9166/ 컨버스,38730,38730,19
신발/잡화,ALL,99,보가 수제화 안코 3-002 베이직 스트랩 쪼리 샌들,4860,4860,0
신발/잡화,ALL,100,보가 수제화 파올 3-7814 데일리 여성 스트랩 샌들,17900,17900,0
유아동/출산,ALL,99,[타티네쇼콜라]22% 쿠폰 타티네쇼콜라 유아복/원피스/티셔츠/바지,30200,30200,69
유아동/출산,ALL,100,[압타밀]당일발송 압타밀 프로누트라 플러스 2단계800g X 3캔,81900,81900,0
